ID,nickname,gender,level,followers,address,content,likes,time,hierarchy,rootID
5145502401431273,左下灯偏青,男,0,27,北京,在国航飞机上看到了明日方舟的音乐内容[doge]这是运营也玩吗,0,2025-03-18 11:00:34,根评论,5145502401431273
5143708904459705,fengwang33009,男,0,7,四川,吗,0,2025-03-13 12:13:51,根评论,5143708904459705
5143165967272975,如谜199108,男,0,2,安徽,代肝dd哦,0,2025-03-12 00:16:25,根评论,5143165967272975
5142344862535718,放鹤归舟vV,女,0,2,广东,转发微博,0,2025-03-09 17:53:38,根评论,5142344862535718
5141878979954586,啦啦的咯,女,0,53,山东,加强弑君者,0,2025-03-08 11:02:23,根评论,5141878979954586
5141860158804233,山东壮汉冯鹏,男,0,291,广东,加强近卫阿米娅 加强医疗阿米娅 加强能天使 加强Ash 加强远牙 加强霍尔海雅 加强荒芜拉普兰德 加强水月 加强维娜.维多利亚 加强佩佩 加强魔王 加强W 加强异客 加强斯卡蒂 加强棘刺 加强弑君者 加强忍冬 加强玛露希尔 加强红 加强止颂 加强年 加强夕 加强令 加强伺夜 加强赫德雷 加强烛煌 加强塔露拉,1,2025-03-08 09:47:36,根评论,5141860158804233
5141663963679690,尼禄爱抖露公司,女,0,92,广西,朋友们看看视频的右下角那行字呢……yj是有权利落地前修改数值的……当然这不是把其他干员做得稀巴烂的理由，就不能一开始设计的时候不要下毒吗[泪][泪][泪]，君君真的是故意做得稀巴烂我都心疼了,2,2025-03-07 20:47:59,根评论,5141663963679690
5141654684571468,FarianJR,男,0,204,四川,请加强霍尔海雅,0,2025-03-07 20:11:07,根评论,5141654684571468
5141592550670390,三九花朝乀,女,0,312,陕西,悄悄改角色是吧，你他妈知道你做了一坨啊,4,2025-03-07 16:04:12,根评论,5141592550670390
5141589777713758,做好清洁,男,0,107,江苏,回复@023-纯真chan:vvan其实真没啥人气的，至少长夜临光后到崔金前，我个人只看到过一个她的二创视频,0,2025-03-07 15:53:12,子评论,5140535914008676
5141589777713758,做好清洁,男,0,107,江苏,回复@023-纯真chan:vvan其实真没啥人气的，至少长夜临光后到崔金前，我个人只看到过一个她的二创视频,0,2025-03-07 15:53:12,根评论,5141589777713758
5141553799498579,柃_银凯香小车给我啃啃,女,0,68,北京,凭什么只改香蕉姐！！！重做君君！,2,2025-03-07 13:30:14,根评论,5141553799498579
5141553455566229,开心的芒果和火龙果,女,0,64,加拿大,回复@开心的芒果和火龙果:明明一开始就能做好 结果非要拉个大的 那话都说到这个份上了 能改掉我们叙拉古➕6sp的搞笑天赋吗[笑哈哈][笑哈哈][笑哈哈][笑哈哈][笑哈哈],2,2025-03-07 13:28:52,子评论,5141553187389480
5141553455566229,开心的芒果和火龙果,女,0,64,加拿大,回复@开心的芒果和火龙果:明明一开始就能做好 结果非要拉个大的 那话都说到这个份上了 能改掉我们叙拉古➕6sp的搞笑天赋吗[笑哈哈][笑哈哈][笑哈哈][笑哈哈][笑哈哈],2,2025-03-07 13:28:52,根评论,5141553455566229
5141553187389480,开心的芒果和火龙果,女,0,64,加拿大,放pv出来是纯恶心人的吗 喜欢我上线前临时加强的设计师吗[笑哈哈] 那之前出的中杯干员就纯倒霉的是吧[笑哈哈],9,2025-03-07 13:27:47,根评论,5141553187389480
5141531242535416,诚收矿泉水瓶子,女,0,184,河南,逗逗你呀[哈欠][哈欠],0,2025-03-07 12:00:36,根评论,5141531242535416
5141528630005385,Bishoppp_,女,0,32,河南,你这个PV现在有啥用呢，发的参考pv完全没点儿任何用,0,2025-03-07 11:50:13,根评论,5141528630005385
5141528310975362,当申吴,女,0,1375,广东,原来有的六星是可以实装前紧急加强的，明日方舟真的是一个王侯将相有种乎的世界呀[允悲]好贱太贱啦,7,2025-03-07 11:48:57,根评论,5141528310975362
5141518139790340,刘眼朱紫了,男,0,5230,北京,强化幅度 白值588→705 三技能技力25→16 三技能倍率750%→800% 三技能机制优化 大兵技能从35sp降到15sp 大兵升满等级从8→6 二天赋数值125%→145% 见不见？？？？？？？？？ 那前面那些下水道干员，你理不理？ 做出来这种东西就端上来，谁负责？ 那么多文案错误，有没有说法？ 抽卡资源克扣管不管？,12,2025-03-07 11:08:32,根评论,5141518139790340
5141261636341146,No9_无机全麦冰酿酒花,女,0,55,上海,我csndm祝早日破产,1,2025-03-06 18:09:17,根评论,5141261636341146
5141245014049721,最上者,男,0,4,广西,回复@RRR空气产业链:二技能睡六个纯内鬼哈，睡眠期间队友打不了人，她自己总伤两万没法穿,5,2025-03-06 17:03:13,子评论,5141151493391783
5141245014049721,最上者,男,0,4,广西,回复@RRR空气产业链:二技能睡六个纯内鬼哈，睡眠期间队友打不了人，她自己总伤两万没法穿,5,2025-03-06 17:03:13,根评论,5141245014049721
5141235116803617,notunhinged,女,0,29,江苏,太招笑了 怎么那么爱装死,6,2025-03-06 16:23:54,根评论,5141235116803617
5141234599594087,用户8400975917,男,0,1,福建,你游设计师要是没活了干脆让他开直播咬打火机得了，要不就赶紧优化掉让他滚蛋走人。隐德来希和爱布拉娜连着两坨给玩家端上来是欠骂了吗？[允悲]因为立绘精美声优大牌有厨子买单就随心所欲是吧 ，是谁给你的勇气敢在设计的一坨的情况下发技能演示PV的?梁静茹吗？2025年的干员数值还不如开服干员。,12,2025-03-06 16:21:51,根评论,5141234599594087
5141216434850830,亲亲一剪梅,男,0,15,浙江,不许冷处理，这强度感觉和无模小莫一桌了,1,2025-03-06 15:09:40,根评论,5141216434850830
5141205067760729,TNL555,女,0,16,河北,死芒设计师，设计🐎没了,2,2025-03-06 14:24:30,根评论,5141205067760729
5141184201621975,死芒设计师给我重做,男,0,0,山东,重做爱布拉娜！！！重做爱布拉娜！！！重做爱布拉娜！！！重做爱布拉娜！！！重做爱布拉娜！！！重做爱布拉娜！！！重做爱布拉娜！！！重做爱布拉娜！！！重做爱布拉娜！！！重做爱布拉娜！！！,4,2025-03-06 13:01:34,根评论,5141184201621975
5141181895017268,阿哈真有面子,女,0,35,浙江,评论区是不是被删了啊,0,2025-03-06 12:52:25,根评论,5141181895017268
5141171090751719,去核苹果派,女,0,84,湖南,sjs你全家飞起来了,0,2025-03-06 12:09:28,根评论,5141171090751719
5141170960730721,去核苹果派,女,0,84,湖南,[微笑]。sjs你要干嘛,0,2025-03-06 12:08:58,根评论,5141170960730721
5141164522478051,_RuBYL,女,0,8,山东,这中杯你也好意思端[费解]数值直接全翻一倍都不会导致数值膨胀,1,2025-03-06 11:43:23,根评论,5141164522478051
5141160567243165,Azalea___,女,0,98,重庆,你游玩家不好骗了在编队塞一个羊还打的是老地图谁都能算明白数值，你是不是觉得自己设计的很好，太幽默了,2,2025-03-06 11:27:39,根评论,5141160567243165
5141160163806645,书开后书合,女,0,13,湖北,还想着没召唤物c去抽一个呢，这下好了，只能接着等,0,2025-03-06 11:26:04,根评论,5141160163806645
5141158091294287,mlyer记得去滴眼药水,男,0,13,海南,术士不用石头人大鲍勃演示是因为你也知道设计得太拉了是吗[微笑],2,2025-03-06 11:17:50,根评论,5141158091294287
5141151493391783,RRR空气产业链,女,0,9,中国台湾,二技能改正常攻击范围，技能期间可睡眠6个敌人，三技能改特克诺2技能范围且长轴可关弹药技能（5-10发），小兵能远距攻击范围内敌人，但凡你有其中一个改动都能不超模更好用[淡淡的][淡淡的][淡淡的][淡淡的],7,2025-03-06 10:51:37,根评论,5141151493391783
5141150190801060,钟离玄衍,男,0,29,吉林,回复@用户7913244626:还不如夕……我服了,0,2025-03-06 10:46:26,子评论,5140907678763308
5141150190801060,钟离玄衍,男,0,29,吉林,回复@用户7913244626:还不如夕……我服了,0,2025-03-06 10:46:26,根评论,5141150190801060
5141149954085458,用户7913244626,男,0,0,广东,回复@钟离玄衍:甚至可能还不如夕[允悲],0,2025-03-06 10:45:30,子评论,5140907678763308
5141149954085458,用户7913244626,男,0,0,广东,回复@钟离玄衍:甚至可能还不如夕[允悲],0,2025-03-06 10:45:30,根评论,5141149954085458
5141149770580818,用户7913244626,男,0,0,广东,回复@此良夜不可去:这端上来的是石啊[允悲],0,2025-03-06 10:44:46,子评论,5140995339715627
5141149770580818,用户7913244626,男,0,0,广东,回复@此良夜不可去:这端上来的是石啊[允悲],0,2025-03-06 10:44:46,根评论,5141149770580818
5141146251560962,言葉風船-,女,0,168,新疆,住口，我姐在明日方舟当六星塑灵法师，你惹怒了我我就让她释放三技能造成2次4400点的法术伤害，并且召唤一个小兵，并且30秒后再次释放技能将小兵升级为中兵，并且在30秒后再次释放技能将中兵升级为大兵，再让这位大兵开启技能造成1布洛卡dps的伤害,10,2025-03-06 10:30:47,根评论,5141146251560962
5141133852151132,Lukid___,女,0,5,浙江,祝褒姒,1,2025-03-06 09:41:31,根评论,5141133852151132
5141133265995322,Lukid___,女,0,5,浙江,回复@用户7928587897:所有爱厨的心路历程[裂开][裂开][裂开][裂开],0,2025-03-06 09:39:11,子评论,5140982334751333
5141133265995322,Lukid___,女,0,5,浙江,回复@用户7928587897:所有爱厨的心路历程[裂开][裂开][裂开][裂开],0,2025-03-06 09:39:11,根评论,5141133265995322
5141130955196431,数在人间,男,0,16,云南,你还好意思发这个pv，你哪来的脸,3,2025-03-06 09:30:00,根评论,5141130955196431
5141115507574740,LM早orUY,女,0,121,广东,设计师和海猫全家在天上飞,1,2025-03-06 08:28:37,根评论,5141115507574740
5141092157097776,夏亚-裤袜脱落大尉,男,0,2,贵州,牛魔的会不会设计啊？不会设计一边待去，还不如不出，当这是刚开服呢,0,2025-03-06 06:55:50,根评论,5141092157097776
5141061082022263,megaX老喷,女,0,3,云南,明日方舟设计师是活全家了吗，这么逆天的设计，又来毒中设计干员了是吧。你舟设计师是不是有私人恩怨，远牙异客雅雅那些几年前的惨烈设计居然还不是癫疯，25年数值膨胀都一轮了，没想到继君君之后居然还有更活全家的设计，这次还赶上新增展示pv，当众展示设计师的癫疯慎作是不是给你们还爽到了[笑哈哈],4,2025-03-06 04:52:21,根评论,5141061082022263
5140995882352871,NearlLight,男,0,0,中国台湾,司馬sjs 不會做角色 機制爛成什麼勾史樣 要不sjs也和聲優繪師一樣實名制 把一個人氣這麼高的衛星做成這樣我看你鷹角是不用繼續做下去了,6,2025-03-06 00:33:15,根评论,5140995882352871
5140995339715627,此良夜不可去,女,0,977,北京,端上来的是饭吗你就在这卖？,5,2025-03-06 00:31:07,根评论,5140995339715627
5140991087479332,糖爵士,女,0,5,山西,拒绝垃圾设计，拒绝发卖卫星。玩家无所谓内部爱谁，但不想要只能玩设计师喜爱的角色，请给角色正常强度，不需要强，能用即可，很难吗？拒绝制造纯垃圾，否则下一个被发卖制造成垃圾的，可能就是你的推。,5,2025-03-06 00:14:13,根评论,5140991087479332
5140985878942318,用户7928587897,女,0,0,广东,回复@用户7928587897:又看了一遍我已经神智模糊到语义错乱了但是我大概就是那个意思，毕竟我也不知道为什么我玩个游戏还要较真，可能因为真的很喜欢一个角色吧[泪][泪],1,2025-03-05 23:53:31,子评论,5140982334751333
5140985878942318,用户7928587897,女,0,0,广东,回复@用户7928587897:又看了一遍我已经神智模糊到语义错乱了但是我大概就是那个意思，毕竟我也不知道为什么我玩个游戏还要较真，可能因为真的很喜欢一个角色吧[泪][泪],1,2025-03-05 23:53:31,根评论,5140985878942318
5140985126587733,用户7928587897,女,0,0,广东,回复@用户7928587897:我是小丑！救命我是小丑，看来是我爱的还不够吗，要是角你认为怎么弱我都要带上场才能证明我的爱，但是你别忘了她说是你家的孩子更是一个文化商品你要对消费者负责啊[允悲][允悲][允悲][允悲][允悲][允悲][允悲],1,2025-03-05 23:50:32,子评论,5140982334751333
5140985126587733,用户7928587897,女,0,0,广东,回复@用户7928587897:我是小丑！救命我是小丑，看来是我爱的还不够吗，要是角你认为怎么弱我都要带上场才能证明我的爱，但是你别忘了她说是你家的孩子更是一个文化商品你要对消费者负责啊[允悲][允悲][允悲][允悲][允悲][允悲][允悲],1,2025-03-05 23:50:32,根评论,5140985126587733
5140984540696789,用户7928587897,女,0,0,广东,回复@用户7928587897:角你是把她仅仅当做一个商品吗，你故事写的那么好怎么可能只把她当一个商品，还是你们文案组和设计师完全不交流吗？她是个政治家是领袖是实行必要之恶的枭雄，但绝不是小丑。太讽刺了玩游戏破防的我是小丑，但是别让你家孩子当小丑了好吗算我球球你了,1,2025-03-05 23:48:12,子评论,5140982334751333
5140984540696789,用户7928587897,女,0,0,广东,回复@用户7928587897:角你是把她仅仅当做一个商品吗，你故事写的那么好怎么可能只把她当一个商品，还是你们文案组和设计师完全不交流吗？她是个政治家是领袖是实行必要之恶的枭雄，但绝不是小丑。太讽刺了玩游戏破防的我是小丑，但是别让你家孩子当小丑了好吗算我球球你了,1,2025-03-05 23:48:12,根评论,5140984540696789
5140983835003296,用户7928587897,女,0,0,广东,回复@用户7928587897:我觉得作为厨子不求强度超模，或者跟剧情一样。至少别让人不舒服啊。。。我现在好理解香厨。我不是香厨，只是觉得她可爱。抽到了她我也用了用，用起来特别不舒服。想象喜欢她的人甚至很难带她上场。。就很感同身受,1,2025-03-05 23:45:24,子评论,5140982334751333
5140983835003296,用户7928587897,女,0,0,广东,回复@用户7928587897:我觉得作为厨子不求强度超模，或者跟剧情一样。至少别让人不舒服啊。。。我现在好理解香厨。我不是香厨，只是觉得她可爱。抽到了她我也用了用，用起来特别不舒服。想象喜欢她的人甚至很难带她上场。。就很感同身受,1,2025-03-05 23:45:24,根评论,5140983835003296
5140982639627587,用户7928587897,女,0,0,广东,回复@用户7928587897:召唤出的那几个小兵可以说是领袖搓着玩玩，上战场但是逗博士玩，没问题。叠层我大概理解，就是焚烧生命不是一比一转换的，更显得影子部队是焚烧千万尸体向前更震撼。但是数值为什么要让喜欢她的人，正常主线带着都不舒服的程度啊,1,2025-03-05 23:40:39,子评论,5140982334751333
5140982639627587,用户7928587897,女,0,0,广东,回复@用户7928587897:召唤出的那几个小兵可以说是领袖搓着玩玩，上战场但是逗博士玩，没问题。叠层我大概理解，就是焚烧生命不是一比一转换的，更显得影子部队是焚烧千万尸体向前更震撼。但是数值为什么要让喜欢她的人，正常主线带着都不舒服的程度啊,1,2025-03-05 23:40:39,根评论,5140982639627587
5140982334751333,用户7928587897,女,0,0,广东,好黑暗的一天，充分感到了一种叫做我推在你手上的绝望[允悲][允悲][允悲][允悲][允悲][允悲][允悲][允悲][允悲][允悲][允悲][允悲]救救我鹰角，我睡不着你睡的着吗，她是塔拉人的领袖啊！,9,2025-03-05 23:39:25,根评论,5140982334751333
5140982015464084,kazeyoru_36944,女,0,123,山东,回复@寻壶温酒:剧情里圣约送葬人还能一个人battle几十个在实战里几下就把自己点死的术士呢，yj骗骗你呀惯用伎俩,0,2025-03-05 23:38:10,子评论,5140576479745551
5140982015464084,kazeyoru_36944,女,0,123,山东,回复@寻壶温酒:剧情里圣约送葬人还能一个人battle几十个在实战里几下就把自己点死的术士呢，yj骗骗你呀惯用伎俩,0,2025-03-05 23:38:10,根评论,5140982015464084
5140969206055584,这真的是我可以免费看的吗,女,0,57,湖北,祝褒姒,1,2025-03-05 22:47:15,根评论,5140969206055584
5140956275283748,追寻能够永远在一起的方法吧_,女,0,61,江苏,一坨,1,2025-03-05 21:55:53,根评论,5140956275283748
5140932485453977,如果我们仍未见到明日的骄阳,女,0,236,甘肃,死芒设计师苇草你妹[微笑],2,2025-03-05 20:21:21,根评论,5140932485453977
5140908874403058,七海长清,男,0,2,江苏,你是人吗？你是人吗？你是人吗？,2,2025-03-05 18:47:32,根评论,5140908874403058
5140907678763308,钟离玄衍,男,0,29,吉林,夕的上位？,1,2025-03-05 18:42:47,根评论,5140907678763308
5140893276307811,新生代珐琅,女,0,9,福建,你怎么敢把pv放出来的？你到底怎么敢的？,3,2025-03-05 17:45:32,根评论,5140893276307811
5140886279947172,绾瞳不是顽6484594536,女,0,1,湖北,回复@翦黛_:薇薇安娜厨早就碎了[泪]sm丫丁还我阵法大c烛骑士,1,2025-03-05 17:17:45,子评论,5140757725318970
5140886279947172,绾瞳不是顽6484594536,女,0,1,湖北,回复@翦黛_:薇薇安娜厨早就碎了[泪]sm丫丁还我阵法大c烛骑士,1,2025-03-05 17:17:45,根评论,5140886279947172
5140886036939266,绾瞳不是顽6484594536,女,0,1,湖北,香蕉姐那么好的人设被做成这个强度 sjs脑袋上长得好像是那个h族禁忌😅,6,2025-03-05 17:16:46,根评论,5140886036939266
5140883159649544,缪尔赛思单推人,男,0,10,上海,回复@鹅嬷陀佛:乳史明子了，还没弱到这种程度,0,2025-03-05 17:05:21,子评论,5140569644336200
5140883159649544,缪尔赛思单推人,男,0,10,上海,回复@鹅嬷陀佛:乳史明子了，还没弱到这种程度,0,2025-03-05 17:05:21,根评论,5140883159649544
5140878968752403,糖爵士,女,0,5,山西,畏惧了，但令人畏惧的不是你姐，而是我惊恐地发现你竟是“释放三技能造成2次4400点的法术伤害，并且召唤一个小兵，并且30秒后再次释放技能将小兵升级为中兵，并且在30秒后再次释放技能将中兵升级为大兵，再让这位大兵开启技能造成1布洛卡dps的伤害的六星塑灵法师”的妹妹焰影苇草[妙啊],13,2025-03-05 16:48:42,根评论,5140878968752403
5140878005633963,七海长清,男,0,2,江苏,设计师是不是觉得做了这么一坨还挺有成就感的发个pv出来炫耀炫耀？,9,2025-03-05 16:44:52,根评论,5140878005633963
5140871352418523,用户7754826590,男,0,26,河南,回复@樂子超人ProMaxPlus:连百嘉计划都谈不上，百薇计划，一百个薇薇安娜的其中一员,0,2025-03-05 16:18:25,子评论,5140556640683086
5140871352418523,用户7754826590,男,0,26,河南,回复@樂子超人ProMaxPlus:连百嘉计划都谈不上，百薇计划，一百个薇薇安娜的其中一员,0,2025-03-05 16:18:25,根评论,5140871352418523
5140868005889060,Calendula·,男,0,158,上海,四爺的b三狼感覺都比這能抗不會是我的幻覺吧,11,2025-03-05 16:05:07,根评论,5140868005889060
5140853006272907,苍蓝噤默,男,0,20,山西,明日方舟，你真该死呀,3,2025-03-05 15:05:32,根评论,5140853006272907
5140850036708131,sangheilios,男,0,1,广东,未来所有卫星但凡有一个不是中杯，明日方舟和终末地就褒姒喵，啊不对现在就预祝褒姒喵,5,2025-03-05 14:53:44,根评论,5140850036708131
5140847716728921,糖爵士,女,0,5,山西,这么喜欢设计垃圾给内部爱还债，那下一个可能就是各位喜欢的卫星。所有未实装的角色都可能是受害者，要看设计师心情来决定是否变成垃圾。各位想要看到这样的灾难吗？很不幸，灾难已经正在发生了。,11,2025-03-05 14:44:30,根评论,5140847716728921
5140824549229553,粉色虎鲸,女,0,994,北京,不明白为啥要把人气角色设计这么烂……让我想起了当年的归鲨[思考],22,2025-03-05 13:12:26,根评论,5140824549229553
5140821238353668,赶潮,男,0,187,四川,看起来是想做限定后来调整档期了,6,2025-03-05 12:59:18,根评论,5140821238353668
5140820613401483,四宫今天吃什么,女,0,24,安徽,苇草：姐姐是中杯影响我考公吗,36,2025-03-05 12:56:49,根评论,5140820613401483
5140820492814014,赶潮,男,0,187,四川,回复@碎纸机嘈杂的声音:感觉她人气挺虚的,3,2025-03-05 12:56:20,子评论,5140535914008676
5140820492814014,赶潮,男,0,187,四川,回复@碎纸机嘈杂的声音:感觉她人气挺虚的,3,2025-03-05 12:56:20,根评论,5140820492814014
5140818356601334,随以安然-,女,0,45,湖南,你到底怎么敢放出来的[微笑],2,2025-03-05 12:47:50,根评论,5140818356601334
5140818073226854,我的屍体冷冷的,女,0,3,湖北,草泥跌的 一眼望去全是毒点 四千甲的设计师[微笑],12,2025-03-05 12:46:43,根评论,5140818073226854
5140816721874480,我的屍体冷冷的,女,0,3,湖北,住口，我姐在明日方舟当六星塑灵法师，你惹怒了我我就让她释放三技能造成2次4400点的法术伤害，并且召唤一个小兵，并且30秒后再次释放技能将小兵升级为中兵，并且在30秒后再次释放技能将中兵升级为大兵，再让这位大兵开启技能造成1布洛卡dps的伤害,6,2025-03-05 12:41:21,根评论,5140816721874480
5140814159414857,我从来没有觉得学理开心过,女,0,75,山西,自己测笑了没,5,2025-03-05 12:31:10,根评论,5140814159414857
5140812120195853,独行鸦鸟,男,0,3,广东,我给明日方舟充了5年月卡，现在不想再充了，你猜猜为什么？设计师我诛你十族都不解恨[微笑]我等爱布拉娜等了三年你就给我搬出来这样一坨[微笑],12,2025-03-05 12:23:03,根评论,5140812120195853
5140810903847829,Co5ld_,男,0,0,广东,死芒设计师，苇草是你的妹，yjfm,1,2025-03-05 12:18:14,根评论,5140810903847829
5140810446146462,Metallic500,女,0,39,江苏,回复@虚雾_poppy:你往上翻一下就看到了,2,2025-03-05 12:16:25,子评论,5140806706138452
5140810446146462,Metallic500,女,0,39,江苏,回复@虚雾_poppy:你往上翻一下就看到了,2,2025-03-05 12:16:25,根评论,5140810446146462
5140808445987335,阿哈真有面子,女,0,35,浙江,而且这视频有些mmr会误以为香蕉很强，有很多还没意识到[裂开],1,2025-03-05 12:08:28,子评论,5140806706138452
5140808445987335,阿哈真有面子,女,0,35,浙江,而且这视频有些mmr会误以为香蕉很强，有很多还没意识到[裂开],1,2025-03-05 12:08:28,根评论,5140808445987335
5140807632553557,阿哈真有面子,女,0,35,浙江,在另一个评论区骂,0,2025-03-05 12:05:14,子评论,5140806706138452
5140807632553557,阿哈真有面子,女,0,35,浙江,在另一个评论区骂,0,2025-03-05 12:05:14,根评论,5140807632553557
5140806706138452,虚雾_poppy,男,0,14,浙江,微博这么风平浪静吗[doge],1,2025-03-05 12:01:33,根评论,5140806706138452
5140805167089718,Lynn_龍娘厨,男,0,68,福建,[微笑]这强度真的很难不问候一下....上点心吧，毁人设了都,0,2025-03-05 11:55:26,根评论,5140805167089718
5140804972580663,凛水川屿,女,0,235,青海,这么弱你也敢展示？我看你是舒坦日子过久了,3,2025-03-05 11:54:40,根评论,5140804972580663
5140804092037133,一路编编编文化传媒有限公司,男,0,20,山东,告诉我这是一级技能好不好[拜拜],4,2025-03-05 11:51:10,根评论,5140804092037133
5140803638793035,用户7271993717,女,0,0,北京,这有中杯吗鹰角你自己看看那个狗都打不死还要挂小羊[允悲][允悲][允悲]你还我超大杯香蕉姐你还我,3,2025-03-05 11:49:22,根评论,5140803638793035
5140798816127120,T-araQri居丽,男,0,325,广东,你这样设计都没有抽卡的欲望了,1,2025-03-05 11:30:12,根评论,5140798816127120
5140797339468139,没事多做_梦,男,0,11,广东,重做爱布拉娜！！！重做爱布拉娜！！！重做爱布拉娜！！！重做爱布拉娜！！！重做爱布拉娜！！！重做爱布拉娜！！！重做爱布拉娜！！！重做爱布拉娜！！！重做爱布拉娜！！！重做爱布拉娜！！！,12,2025-03-05 11:24:19,根评论,5140797339468139
5140795549286487,死芒设计师给我重做,男,0,0,山东,重做爱布拉娜！！！重做爱布拉娜！！！重做爱布拉娜！！！重做爱布拉娜！！！重做爱布拉娜！！！重做爱布拉娜！！！重做爱布拉娜！！！重做爱布拉娜！！！重做爱布拉娜！！！重做爱布拉娜！！！,3,2025-03-05 11:17:12,根评论,5140795549286487
5140794743718463,节操今天依然没有CSM,男,0,203,河南,真nb啊yj，就这一坨设计怎么有脸发PV的？,2,2025-03-05 11:14:01,根评论,5140794743718463
5140794637812029,死芒设计师给我重做,男,0,0,山东,回复@这不是个意外啊:？,1,2025-03-05 11:13:35,子评论,5140792834523379
5140794637812029,死芒设计师给我重做,男,0,0,山东,回复@这不是个意外啊:？,1,2025-03-05 11:13:35,根评论,5140794637812029
5140794520373510,这不是个意外啊,男,0,7,湖北,回复@死芒设计师给我重做:你是？,1,2025-03-05 11:13:08,子评论,5140792834523379
5140794520373510,这不是个意外啊,男,0,7,湖北,回复@死芒设计师给我重做:你是？,1,2025-03-05 11:13:08,根评论,5140794520373510
5140792834523379,死芒设计师给我重做,男,0,0,山东,重做爱布拉娜！！！重做爱布拉娜！！！重做爱布拉娜！！！重做爱布拉娜！！！重做爱布拉娜！！！重做爱布拉娜！！！重做爱布拉娜！！！重做爱布拉娜！！！重做爱布拉娜！！！重做爱布拉娜！！！,5,2025-03-05 11:06:25,根评论,5140792834523379
5140791589864227,冬上松,男,0,7,湖北,[doge][doge][doge][doge][doge][doge][doge][doge][doge]死芒亖芒亖芒，真亖芒的设计,0,2025-03-05 11:01:29,根评论,5140791589864227
5140790348878179,憎恨与悲哀不可抛弃,女,0,0,云南,回复@憎恨与悲哀不可抛弃:要真不想经营这边了请直接关停,6,2025-03-05 10:56:33,子评论,5140789114177013
5140790348878179,憎恨与悲哀不可抛弃,女,0,0,云南,回复@憎恨与悲哀不可抛弃:要真不想经营这边了请直接关停,6,2025-03-05 10:56:33,根评论,5140790348878179
5140789114177013,憎恨与悲哀不可抛弃,女,0,0,云南,不是，角色强度和剧情脱离成这样以后谁还抽你家卡,17,2025-03-05 10:51:38,根评论,5140789114177013
5140788875364462,冰与光的狼诗,男,0,118,贵州,建议明日方舟设计师实名制,8,2025-03-05 10:50:42,根评论,5140788875364462
5140787239063234,XXX·Alter,女,0,180,北京,这数值你认真的[疑问],5,2025-03-05 10:44:12,根评论,5140787239063234
5140784064761613,癫婆collection_withPenny,女,0,39,重庆,二技能带了小羊拐我还以为要演示打蒸汽骑士结果你给我看一整套技能才能打死只狗你是来搞笑的吗,19,2025-03-05 10:31:35,根评论,5140784064761613
5140783271512961,沈渊临,男,0,31,广西,588的攻击力，比奶还低,5,2025-03-05 10:28:26,根评论,5140783271512961
5140780646665163,狼时_,女,0,12,吉林,有一种残缺叫塑灵术士天生浪费一个天赋点 有一种悲哀叫攻击力只有588 有一种机制是大兵归来挡4打1局已结束 有一种抽象是ew后时代的25年干员的3w总伤 有一种搞笑是5年卫星未实装已是幽默强度 明日方舟设计师加强爱布拉娜🖕🏻🖕🏻🖕🏻 ​​​,12,2025-03-05 10:18:00,根评论,5140780646665163
5140779673848430,嘟啦嘟啦疯狂钻石,男,0,84,广东,一到高人气干员就下毒，服了,11,2025-03-05 10:14:08,根评论,5140779673848430
5140777337359439,阿历不在家,男,0,68,江苏,回复@拉特兰蓝莓冰淇淋:本来打算抽个十连看看运气的，这下真的一点都懒得投入了,0,2025-03-05 10:04:51,子评论,5140776863665748
5140777337359439,阿历不在家,男,0,68,江苏,回复@拉特兰蓝莓冰淇淋:本来打算抽个十连看看运气的，这下真的一点都懒得投入了,0,2025-03-05 10:04:51,根评论,5140777337359439
5140776863665748,拉特兰蓝莓冰淇淋,女,0,33,河南,我都懒得骂你了yj，有点无语了，每次高人气卫星落地的时候就逮着下毒。。。。这技能演示看着三个仆役➕爱姐a几下还没打死对面小兵就感觉不妙了，一看数值好家伙，幽默攻击力啊，我宁愿姐姐不上岛，你们把卫星做强一点能怎样呢？我请问，也不要求特别强吧，至少是新时代干员可以用吧[可爱][可爱],32,2025-03-05 10:02:58,根评论,5140776863665748
5140776456816879,W_ueltlouever,男,0,55,湖南,艾雅法拉第一天赋的含金量还在上升,3,2025-03-05 10:01:21,根评论,5140776456816879
5140776440300911,荔枝味的批话王,男,0,104,内蒙古,就给个能用的强度不行吗？厨子抽了用不了当仓管，老板亲女儿一炮毁天灭地。美其名曰遏制强度，隐德来希和香蕉姐都是立绘精美声优大牌，强度不如路边一条，在你游厨个好看的角色真是上辈子杀人放火[微笑][微笑],7,2025-03-05 10:01:17,子评论,5140563121930902
5140776440300911,荔枝味的批话王,男,0,104,内蒙古,就给个能用的强度不行吗？厨子抽了用不了当仓管，老板亲女儿一炮毁天灭地。美其名曰遏制强度，隐德来希和香蕉姐都是立绘精美声优大牌，强度不如路边一条，在你游厨个好看的角色真是上辈子杀人放火[微笑][微笑],7,2025-03-05 10:01:17,根评论,5140776440300911
5140771650143706,绝望的蛇宝妈66,女,0,212,上海,说句实话看上去好像不是很行的样子……我游戏理解要是有问题我先滑轨,1,2025-03-05 09:42:15,根评论,5140771650143706
5140769427426684,田中参,男,0,277,上海,做个PV明示快跑，这也算是你最后的良心了吧。,15,2025-03-05 09:33:25,根评论,5140769427426684
5140766764303271,死芒设计师给我重做,男,0,0,山东,重做爱布拉娜！！！重做爱布拉娜！！！重做爱布拉娜！！！重做爱布拉娜！！！重做爱布拉娜！！！重做爱布拉娜！！！重做爱布拉娜！！！重做爱布拉娜！！！重做爱布拉娜！！！重做爱布拉娜！！！,7,2025-03-05 09:22:50,根评论,5140766764303271
5140764053209877,昇下沙尘岚,女,0,74,江苏,不是怎么打个狗要打这么久,11,2025-03-05 09:12:03,根评论,5140764053209877
5140762031293804,死芒设计师给我重做,男,0,0,山东,重做爱布拉娜！！！重做爱布拉娜！！！重做爱布拉娜！！！重做爱布拉娜！！！重做爱布拉娜！！！重做爱布拉娜！！！重做爱布拉娜！！！重做爱布拉娜！！！重做爱布拉娜！！！重做爱布拉娜！！！,3,2025-03-05 09:04:02,根评论,5140762031293804
5140760857935995,希望和平共处,男,0,18,四川,死芒设计师，苇草是你的妹[允悲],7,2025-03-05 08:59:21,根评论,5140760857935995
5140757725318970,翦黛_,女,0,30,江西,设计师是不是卫星恨[疑问][疑问][疑问]你们要做出来多少个薇薇安娜才满意[疑问][疑问][疑问],34,2025-03-05 08:46:55,根评论,5140757725318970
5140756239222145,死芒设计师给我重做,男,0,0,山东,重做爱布拉娜！！！重做爱布拉娜！！！重做爱布拉娜！！！重做爱布拉娜！！！重做爱布拉娜！！！重做爱布拉娜！！！重做爱布拉娜！！！重做爱布拉娜！！！重做爱布拉娜！！！重做爱布拉娜！！！,0,2025-03-05 08:41:01,根评论,5140756239222145
5140755853872240,用户7733250974,男,0,1,广东,回复@Eterlaze:还真不好说，深池小队人均90法抗，还真不一定打得动,0,2025-03-05 08:39:29,子评论,5140570808779324
5140755853872240,用户7733250974,男,0,1,广东,回复@Eterlaze:还真不好说，深池小队人均90法抗，还真不一定打得动,0,2025-03-05 08:39:29,根评论,5140755853872240
5140753031103027,龙井抹茶酥,女,0,453,北京,你们设计师真的玩游戏吗？设计出这个数值不会很骄傲吧？？？,5,2025-03-05 08:28:16,根评论,5140753031103027
5140750267057579,将大局逆转叭,男,0,42,天津,🐶设计师滚吧 恶心玩家多长时间了 jian🐶,8,2025-03-05 08:17:17,根评论,5140750267057579
5140749000900964,LY升,男,0,260,广东,又一个仓管,0,2025-03-05 08:12:14,根评论,5140749000900964
5140748919899701,五旬三婚破鞋男,男,0,62,辽宁,周年限定我都可以不要我就只想抽香蕉姐结果你给我端出一坨这个[赞],4,2025-03-05 08:11:56,根评论,5140748919899701
5140748471897748,五旬三婚破鞋男,男,0,62,辽宁,好笑吗，我只看到一个面板588，天生少一个天赋，睡眠只能睡两个，总伤打不死流血狗，独自升级半天只能得到一个食八大兵，挡四打一自动触发三万总伤，35s回转8s持续，春风若有怜花意，不如妹妹加个T的新时代塑灵术士[太开心],20,2025-03-05 08:10:09,根评论,5140748471897748
5140748337677500,拉狗德狗天下第一,女,0,2,广东,犯罪预告,1,2025-03-05 08:09:37,根评论,5140748337677500
5140748177768707,一周存存钱,男,0,1,湖北,很难想象这是2025年出的六星干员,3,2025-03-05 08:08:58,根评论,5140748177768707
5140745897640541,薄荷小猫厨,女,0,12495,甘肃,这面板你自己看笑了没,3,2025-03-05 07:59:55,根评论,5140745897640541
5140745662763433,_暮云长,女,0,523,天津,谁给你的勇气放技能演示pv的[疑问]设计师不会以为自己设计的很好吧[疑问],0,2025-03-05 07:58:59,根评论,5140745662763433
5140744454013130,Asura54292,男,0,18,河南,[doge][心],0,2025-03-05 07:54:10,根评论,5140744454013130
5140744453751704,灭霸的野爹,男,0,15,四川,不错[春游家族],0,2025-03-05 07:54:11,根评论,5140744453751704
5140743022710282,死芒设计师给我重做,男,0,0,山东,重做爱布拉娜！！！重做爱布拉娜！！！重做爱布拉娜！！！重做爱布拉娜！！！重做爱布拉娜！！！重做爱布拉娜！！！重做爱布拉娜！！！重做爱布拉娜！！！重做爱布拉娜！！！重做爱布拉娜！！！,3,2025-03-05 07:48:30,根评论,5140743022710282
5140740179755059,死芒设计师给我重做,男,0,0,山东,重做爱布拉娜！！！重做爱布拉娜！！！重做爱布拉娜！！！重做爱布拉娜！！！重做爱布拉娜！！！重做爱布拉娜！！！重做爱布拉娜！！！重做爱布拉娜！！！重做爱布拉娜！！！重做爱布拉娜！！！,3,2025-03-05 07:37:11,根评论,5140740179755059
5140740078830993,羽殇Alter,男,0,29,福建,给我这个面板588，天生少一个天赋，睡眠只能睡两个，总伤打不死流血狗，独自升级半天只能得到一个食八大兵，挡四打一自动触发三万总伤，35s回转8s持续，春风若有怜花意，不如妹妹加个T的新时代塑灵术士看笑了（需要的可以拿去复制了）,1,2025-03-05 07:36:48,根评论,5140740078830993
5140739810918598,某不知名的二狗子,男,0,2,浙江,爱姐）,0,2025-03-05 07:35:43,根评论,5140739810918598
5140676074537374,燃烧的烧酒,男,0,511,四川,“People always mourn when they face to death，but the death never mourn.”[喵喵],0,2025-03-05 03:22:28,根评论,5140676074537374
5140663466984614,Khaleqwill,男,0,58,北京,立绘好看就可以瞎做是吗,12,2025-03-05 02:32:22,根评论,5140663466984614
5140663125673487,倘若命运注定我们无法重见黎明,男,0,36,湖北,有一种残缺叫塑灵术士天生浪费一个天赋点 有一种悲哀叫攻击力只有588 有一种机制是大兵归来挡4打1局已结束 有一种抽象是ew后时代的25年干员的3w总伤 有一种搞笑是5年卫星未实装已是幽默强度 明日方舟设计师加强爱布拉娜🖕🏻🖕🏻🖕🏻 ​​​,13,2025-03-05 02:31:01,根评论,5140663125673487
5140658919310035,不与春风渡,男,0,13,广东,你把PV放出来是觉得你的幽默设计很值得拿出来是吗,3,2025-03-05 02:14:18,根评论,5140658919310035
5140657656561879,勇敢烘焙埃及面包,女,0,365,江苏,回复@夏日木寺:不要抽,0,2025-03-05 02:09:16,子评论,5140606649114219
5140657656561879,勇敢烘焙埃及面包,女,0,365,江苏,回复@夏日木寺:不要抽,0,2025-03-05 02:09:16,根评论,5140657656561879
5140653223445727,咖啡因不适,女,0,146,江苏,合成大夕瓜 这又是什么小巧思,0,2025-03-05 01:51:40,根评论,5140653223445727
5140647478297686,CuS硫化铜,女,0,24,浙江,回家种田好不好[疑问],0,2025-03-05 01:28:50,根评论,5140647478297686
5140647162152850,海拉鲁比格,女,0,327,意大利,回复@海拉鲁比格:你怎么敢发的啊mrfz设计师,0,2025-03-05 01:27:35,子评论,5140646537200352
5140647162152850,海拉鲁比格,女,0,327,意大利,回复@海拉鲁比格:你怎么敢发的啊mrfz设计师,0,2025-03-05 01:27:35,根评论,5140647162152850
5140647091372067,爱你的莫炮儿,男,0,8,广东,哈哈2025还能出这种干员我是真想不懂了,1,2025-03-05 01:27:17,根评论,5140647091372067
5140646751110384,玖井_,女,0,295,上海,有一种残缺叫塑灵术士天生浪费一个天赋点 有一种悲哀叫攻击力只有588 有一种机制是大兵归来挡4打1局已结束 有一种抽象是ew后时代的25年干员的3w总伤 有一种搞笑是5年卫星未实装已是幽默强度 明日方舟设计师加强爱布拉娜🖕🏻🖕🏻🖕🏻 ​​​,7,2025-03-05 01:25:57,根评论,5140646751110384
5140646584386360,玖井_,女,0,295,上海,真是家里请了高人来了，设计师是盼着香蕉姐帮他复活浮木是吧,9,2025-03-05 01:25:17,根评论,5140646584386360
5140646537200352,海拉鲁比格,女,0,327,意大利,你是不是疯了，一百个隐德来希计划是吧,5,2025-03-05 01:25:06,根评论,5140646537200352
5140646508102110,玖井_,女,0,295,上海,本体完全没用，别人控制占模/数值占模/回转占模，她直接随机升级/随机生成/随机自动释放技能，强者处处是惊喜，弱者处处是惊吓,5,2025-03-05 01:24:59,根评论,5140646508102110
5140646320409346,玖井_,女,0,295,上海,我又幻想了，幻想塑灵术师有巨大的初始范围，超低的初始费用，落地点火的回转，比肩罗神的总伤，兵哥有超强的生存阻挡能力，堪比祖宗的嘲讽被动,5,2025-03-05 01:24:14,根评论,5140646320409346
5140645963629139,我要是蠢点就好了,男,0,75,山东,我看你是真疯了，这种东西怎么敢拿出来的？每年挣玩家那多钱设计师至少拟人吧？,3,2025-03-05 01:22:49,根评论,5140645963629139
5140644813081395,我是鸽子我会咕咕,女,0,5,广东,你游就继续出这种把人看笑的干员吧[太开心],3,2025-03-05 01:18:15,根评论,5140644813081395
5140641101644877,Rxiaoye6,男,0,33,浙江,设计师是不是现在只会数值膨胀和数值萎缩了，不会做中间项是吧，我问你们制作组方舟现在除了高难肉鸽还有什么值得花时间玩的，你看看你自己最近出的干员能在高难肉鸽合约这些上场吗，还提前出PV，是不是觉得自己做得挺好的啊,16,2025-03-05 01:03:30,根评论,5140641101644877
5140638774067470,用户7871346525,男,0,0,江西,一个大兵叠满8层=0.3个饼干，给我整笑了[允悲],6,2025-03-05 00:54:14,根评论,5140638774067470
5140638366959976,简单几何学,男,0,212,江苏,你是怎么敢发pv的啊，干员做成什么样自己没点数吗，偷偷在队伍里面塞个羊以为我没看见？数值辣鸡，回转更是辣鸡，最近的非限定干员真是一个比一个抽象,3,2025-03-05 00:52:38,根评论,5140638366959976
5140637968761203,永恆月光,男,0,382,重庆,回复@Eterlaze:ēnil,0,2025-03-05 00:51:02,子评论,5140570808779324
5140637968761203,永恆月光,男,0,382,重庆,回复@Eterlaze:ēnil,0,2025-03-05 00:51:02,根评论,5140637968761203
5140636642837560,后手低配每日受苦摆完挂机,男,0,37,广东,妹妹岛上发光发热，治疗输出增伤三手抓；姐姐时隔三年落地，拼尽全力还没上岛就查无此人,6,2025-03-05 00:45:47,根评论,5140636642837560
5140634101350649,芋头蒸饺,女,0,48,加拿大,回复@芋头蒸饺:这个干员最变态的就是她演示看起来很弱而实战只会更弱👎🏻因为大兵随机生成 没有演示图的单线路你甚至不能控制它部署在哪个位置 站位都站不明白更别说后续叠砂仁📖才能打出来的不可控幽默输出,6,2025-03-05 00:35:40,子评论,5140593580967159
5140634101350649,芋头蒸饺,女,0,48,加拿大,回复@芋头蒸饺:这个干员最变态的就是她演示看起来很弱而实战只会更弱👎🏻因为大兵随机生成 没有演示图的单线路你甚至不能控制它部署在哪个位置 站位都站不明白更别说后续叠砂仁📖才能打出来的不可控幽默输出,6,2025-03-05 00:35:40,根评论,5140634101350649
5140632961814276,亲亲一剪梅,男,0,15,浙江,笑死了，这么搞笑的数值为什么要pv展示啊，yj不要浪费高人气卫星了行不行，不说设计得多强，但是起码不能掉队啊，这是25年的数值吗,10,2025-03-05 00:31:09,根评论,5140632961814276
5140632527962385,亲亲一剪梅,男,0,15,浙江,回复@-Sycamore_tree-:龙挡三打三，他的大兵开技能才打多,4,2025-03-05 00:29:25,子评论,5140628721107248
5140632527962385,亲亲一剪梅,男,0,15,浙江,回复@-Sycamore_tree-:龙挡三打三，他的大兵开技能才打多,4,2025-03-05 00:29:25,根评论,5140632527962385
5140631338093167,亲亲一剪梅,男,0,15,浙江,这么菜还敢pv展示技能也是招笑了,1,2025-03-05 00:24:42,根评论,5140631338093167
5140630557691025,她所见的每一个无辜之人,女,0,32,北京,回复@司命乱红尘:还是精二满潜三模的小羊➕24%，有时候真想把sjs发配进游戏让爱姐毙了当一级小兵[哈哈],4,2025-03-05 00:21:36,子评论,5140538114441755
5140630557691025,她所见的每一个无辜之人,女,0,32,北京,回复@司命乱红尘:还是精二满潜三模的小羊➕24%，有时候真想把sjs发配进游戏让爱姐毙了当一级小兵[哈哈],4,2025-03-05 00:21:36,根评论,5140630557691025
5140628926633054,恍失,女,0,33,重庆,回复@用户6171531655:其实隐隐不是空降[泪]她登场过的[泪]我现在大半夜气得睡不着为什么要这样对待卫星[泪][泪][泪],4,2025-03-05 00:15:07,子评论,5140601940740300
5140628926633054,恍失,女,0,33,重庆,回复@用户6171531655:其实隐隐不是空降[泪]她登场过的[泪]我现在大半夜气得睡不着为什么要这样对待卫星[泪][泪][泪],4,2025-03-05 00:15:07,根评论,5140628926633054
5140628821770949,-Sycamore_tree-,女,0,225,上海,: 剧情里随便放火烧一大片，啥实力的对手都能胸有成竹地碰一碰，游戏里束手束脚技能没有一点观赏性震慑性，大招离了那个士兵更是失去作用[允悲][允悲][允悲]你这开年出的两个六星，游戏和剧情差别也太离谱了吧，跟奔现诈骗似的,45,2025-03-05 00:14:41,根评论,5140628821770949
5140628721107248,-Sycamore_tree-,女,0,225,上海,: 拼尽全力cos令的一条大龙[笑cry]这强度是在搞笑,24,2025-03-05 00:14:17,根评论,5140628721107248
5140628472857675,只选一个人的话选不了的长名,男,0,0,上海,玩家需要游戏性！请鹰角重视玩家体验！拒绝敷衍的角色设计！！！玩家需要游戏性！请鹰角重视玩家体验！拒绝敷衍的角色设计！！！玩家需要游戏性！请鹰角重视玩家体验！拒绝敷衍的角色设计！！！,7,2025-03-05 00:13:18,根评论,5140628472857675
5140628434847773,-Sycamore_tree-,女,0,225,上海,: 有一种残缺叫塑灵术士天生浪费一个天赋点 有一种悲哀叫攻击力只有588 有一种机制是大兵归来挡4打1局已结束 有一种抽象是ew后时代的25年干员的3w总伤 有一种搞笑是5年卫星未实装已是幽默强度 明日方舟设计师加强爱布拉娜🖕🏻🖕🏻🖕🏻 ​​​,2,2025-03-05 00:13:10,根评论,5140628434847773
5140628334975145,每天爬行八百遍,女,0,6,新疆,专门搞犯罪预告是吧你这家伙是不是红豆吃多了相思,3,2025-03-05 00:12:46,根评论,5140628334975145
5140625633053592,心防溃决,女,0,107,湖北,嗯……还是攒限定吧,0,2025-03-05 00:02:02,根评论,5140625633053592
5140623603274153,白语_,女,0,31,浙江,@resoude：yjwl我恨你👁yjwl我恨你👁yjwl我恨你👁yjwl我恨你👁yjwl我恨你👁yjwl我恨你👁yjwl我恨你👁yjwl我恨你👁yjwl我恨你👁yjwl我恨你👁yjwl我恨你👁yjwl我恨你👁,3,2025-03-04 23:53:58,根评论,5140623603274153
5140622781713225,失眠症患者oO,女,0,139,浙江,设计师可以趋势了,2,2025-03-04 23:50:42,根评论,5140622781713225
5140622046660971,出红中,男,0,5,广西,搞那么个视频出来是不是觉得自己设计得很好啊[费解],4,2025-03-04 23:47:47,根评论,5140622046660971
5140620147428467,狐狸夜话二点零,女,0,88,山东,你疯了[微笑],1,2025-03-04 23:40:14,根评论,5140620147428467
5140618267856714,恍失,女,0,33,重庆,滚出去[微笑]我宁愿爱布拉娜是npc,12,2025-03-04 23:32:46,根评论,5140618267856714
5140616145015554,_Whalerism丶,男,0,40,浙江,回复@爱被骂拦不住的:[拜拜]yj最好是以后新6都有,0,2025-03-04 23:24:20,子评论,5140596588282975
5140616145015554,_Whalerism丶,男,0,40,浙江,回复@爱被骂拦不住的:[拜拜]yj最好是以后新6都有,0,2025-03-04 23:24:20,根评论,5140616145015554
5140615969636910,白菜乐以忘忧,女,0,32,北京,有那么菜么[允悲]，不能吧,0,2025-03-04 23:23:37,根评论,5140615969636910
5140615717454231,点点点点zzzzzz,女,0,7,上海,你害得现在的卫星厨都不希望自推落地了，就怕轮到哪个高人气卫星去给ew大人填坑,43,2025-03-04 23:22:37,根评论,5140615717454231
5140614652628747,--杯温酒,女,0,98,吉林,有一种残缺叫塑灵术士天生浪费一个天赋点 有一种悲哀叫攻击力只有588 有一种机制是大兵归来挡4打1局已结束 有一种抽象是ew后时代的25年干员的3w总伤 有一种搞笑是5年卫星未实装已是幽默强度 明日方舟设计师加强爱布拉娜🖕🏻🖕🏻🖕🏻 ​​​,30,2025-03-04 23:18:24,根评论,5140614652628747
5140614475681212,冷记忆n,女,0,59,广东,你有病吧[微笑]你还是让他继续当卫星吧,7,2025-03-04 23:17:42,根评论,5140614475681212
5140613307039769,高出你所愛定律,女,0,40,四川,回复@阿_豪_-_:退游戏重登试试,0,2025-03-04 23:13:02,子评论,5140609727726289
5140613307039769,高出你所愛定律,女,0,40,四川,回复@阿_豪_-_:退游戏重登试试,0,2025-03-04 23:13:02,根评论,5140613307039769
5140613168628082,lsharmIa,男,0,25,广东,不知道的以为召唤师出新四星了[微笑],10,2025-03-04 23:12:29,根评论,5140613168628082
5140612932963368,遥远-球女大法好,男,0,144,上海,嗷呜嗷呜嗷呜,0,2025-03-04 23:11:34,根评论,5140612932963368
5140612359127580,司命乱红尘,女,0,5,山东,回复@司命乱红尘:sm设计师知道自己给的二技能数值连个狗都打不死所以带了个羊是吧，真有你的[弱],3,2025-03-04 23:09:16,子评论,5140538114441755
5140612359127580,司命乱红尘,女,0,5,山东,回复@司命乱红尘:sm设计师知道自己给的二技能数值连个狗都打不死所以带了个羊是吧，真有你的[弱],3,2025-03-04 23:09:16,根评论,5140612359127580
5140611419865504,RRR空气产业链,女,0,9,中国台湾,你数值跟机制都给这么抠门还不如继续让她当美丽npc 😅剧情建立的人设全被你们毁了,8,2025-03-04 23:05:32,根评论,5140611419865504
5140610937000328,祭礼之酒,男,0,74,上海,100个隐德莱希计划是吧，太恶心了[黑线],9,2025-03-04 23:03:38,根评论,5140610937000328
5140610298155139,南饭喵,女,0,48,广东,住口，我姐在明日方舟当六星塑灵法师，你惹怒了我我就让她释放三技能造成2次4400点的法术伤害，并且召唤一个小兵，并且30秒后再次释放技能将小兵升级为中兵，并且在30秒后再次释放技能将中兵升级为大兵，再让这位大兵开启技能造成1布洛卡dps的伤害,22,2025-03-04 23:01:06,根评论,5140610298155139
5140608508498479,向星举目见日,女,0,131,吉林,回复@夏日木寺:别抽了，除非很对你xp,2,2025-03-04 22:53:59,子评论,5140606649114219
5140608508498479,向星举目见日,女,0,131,吉林,回复@夏日木寺:别抽了，除非很对你xp,2,2025-03-04 22:53:59,根评论,5140608508498479
5140607123329153,拉文达塞恩,男,0,2348,广东,就这点东西值得你们专门做个pv[笑cry],7,2025-03-04 22:48:29,根评论,5140607123329153
5140606980983467,涣吾嘉妻,女,0,83,内蒙古,这啥数值啊兄弟，,1,2025-03-04 22:47:55,根评论,5140606980983467
5140605068907534,用户6895339542,女,0,0,河南,滚滚滚棘刺内部黑司马鹰角,1,2025-03-04 22:40:19,根评论,5140605068907534
5140604980298825,Shikuaii,女,0,70,陕西,死芒设计师😨😨,2,2025-03-04 22:39:57,根评论,5140604980298825
5140604977415657,用户6895339542,女,0,0,河南,他吗的棘刺没有你想干啥鹰角网络[吐][吐][吐],1,2025-03-04 22:39:57,根评论,5140604977415657
5140604415120281,megaX老喷,女,0,3,云南,明日方舟转行恐怖游戏吧，设计师天天搞小巧思，端上一堆骇世神作。这幽默的天赋、技能、数值，更幽默的展示图，对比一下苇草在这张图轻轻松松炸完，咱塔拉爱建国带着明日方舟设计师亲自出演的三个深经兵，幸幸苦苦打半天。把n18亡者行军深池兵数值照搬过来都比这深经兵好，毕竟只能召三个还打单不对空,40,2025-03-04 22:37:43,根评论,5140604415120281
5140604145894150,澈北冥鸭,女,0,10318,广东,。,0,2025-03-04 22:36:38,根评论,5140604145894150
5140603920450470,WWW_sophie,女,0,35,湖北,剧情强度在哪里[疑问],5,2025-03-04 22:35:44,根评论,5140603920450470
5140602292539989,o无願o,男,0,34,福建,剧情里随便放火烧一大片，啥实力的对手都能胸有成竹地碰一碰，游戏里束手束脚技能没有一点观赏性震慑性，大招离了那个士兵更是失去作用[允悲][允悲][允悲]你这开年出的两个六星，游戏和剧情差别也太离谱了吧，跟奔现诈骗似的,40,2025-03-04 22:29:17,根评论,5140602292539989
5140602108253558,用户6171531655,男,0,3,安徽,你芒的！三年，你知道我等她落地的这三年我怎么过得吗！芒的我直接一钻石斧劈了死芒设计师！对得起我们吗！扔你芒退钱！,8,2025-03-04 22:28:33,根评论,5140602108253558
5140601940740300,用户6171531655,男,0,3,安徽,就拿这种构史设计来糊弄玩家吗？妮芙之后，除了余和异拉这两位限定公认的还不错，其余的虽然表现不亮眼，起码数值够用，可以拿来用吧？而隐希一个空降角色，弱就弱了无所谓，爱布拉娜剧情铺垫那么多塑造的那么强大，实装了就给玩家这么一个惊吓？不会设计能不能去咨询测评up们的意见！,11,2025-03-04 22:27:53,根评论,5140601940740300
5140601817796766,用户6171531655,男,0,3,安徽,死芒一身毒点，机制也就那样数值也不够，她芒的高人气卫星就这么拿来糟蹋的是吧？都有薇薇安娜这种先例了还不吸取教训吗？她芒的设计师你就该跪下，给剧情编剧和画师磕头！然后检讨一下自己小学的数学成绩有没有及格过！,7,2025-03-04 22:27:24,根评论,5140601817796766
5140601704285472,用户6171531655,男,0,3,安徽,都她芒挡4了还在那打1，上一个加阻挡但打一的还是森蚺，问题是有你那数值吗？那币杀人书又臭又长，大兵能活到叠满的时候吗？大兵35sp自动触发技能？无敌了！本体技能总伤也是可笑，才她芒高达四位数！这给我干哪来了，这还是25年的数值吗？,5,2025-03-04 22:26:57,根评论,5140601704285472
5140601512923963,用户6171531655,男,0,3,安徽,死芒设计师，苇草是你的麻！真的太棒了闭着眼睛设计的是吧？虐菜都虐不明白！同样是打11–6，两年前的焰苇两秒就炸完了，就这还是当姐的？剧情狂的要死，打变形者、打食腐者之王、挑衅塔露拉，游戏内你就做成这样？搞笑！合着被打的也成小丑 m 了，连这都打不赢！笑死🤣👉🏻,7,2025-03-04 22:26:11,根评论,5140601512923963
5140601508729196,鹅嬷陀佛,女,0,711,北京,回复@和花的亲亲黑妈:隐德来7,0,2025-03-04 22:26:10,子评论,5140569644336200
5140601508729196,鹅嬷陀佛,女,0,711,北京,回复@和花的亲亲黑妈:隐德来7,0,2025-03-04 22:26:10,根评论,5140601508729196
5140601441617813,用户6171531655,男,0,3,安徽,不是，设计师你怎么睡得着的？就这设计得一坨你还好意思睡觉？,6,2025-03-04 22:25:53,根评论,5140601441617813
5140600920739212,最终波,女,0,1,江苏,什么强度 怎么打条狗都这么费劲,6,2025-03-04 22:23:50,根评论,5140600920739212
5140600707612869,小蘋初见,女,0,2,陕西,回复@小蘋初见:不明白连着两个新六都这么填数值是为什么，为了卖之后周年超模限定六星[疑问],3,2025-03-04 22:22:58,子评论,5140600426595488
5140600707612869,小蘋初见,女,0,2,陕西,回复@小蘋初见:不明白连着两个新六都这么填数值是为什么，为了卖之后周年超模限定六星[疑问],3,2025-03-04 22:22:58,根评论,5140600707612869
5140600426595488,小蘋初见,女,0,2,陕西,不会填数值可以不填[可爱],8,2025-03-04 22:21:51,根评论,5140600426595488
5140599892350477,糖爵士,女,0,5,山西,专门做个技能展示是为了嘲讽干员吗？卫星落地真是倒了八辈子血霉，这个设计师真是又蠢又坏坏的流脓，这种人是怎么混进公司的？我请问了,11,2025-03-04 22:19:45,根评论,5140599892350477
5140598075950015,想化成风的慕无忧,女,0,36,北京,角色上岛强度难料(你不会真的像评论区说的大改了主线顺便把入池顺序改了吧(),3,2025-03-04 22:12:31,根评论,5140598075950015
5140597673558261,唐玖不喝糖酒,女,0,19,天津,有教无类你到底想干啥？,1,2025-03-04 22:10:55,根评论,5140597673558261
5140596588282975,爱被骂拦不住的,男,0,2,英国,咋突然多出一个技能演示视频，是以后都有吗,1,2025-03-04 22:06:36,根评论,5140596588282975
5140596553420409,素质消失在老婆出走那一天,女,0,22,上海,yj撕劝架了[嘻嘻][嘻嘻][嘻嘻],1,2025-03-04 22:06:29,根评论,5140596553420409
5140596110660774,此良夜不可去,女,0,977,北京,回复@五条悟性极高:你略微有点刻薄了 毕竟我并没有在问你的游戏理解 你不请自来回复我能否有点共情能力呢[疑问],11,2025-03-04 22:04:43,子评论,5140538236341327
5140596110660774,此良夜不可去,女,0,977,北京,回复@五条悟性极高:你略微有点刻薄了 毕竟我并没有在问你的游戏理解 你不请自来回复我能否有点共情能力呢[疑问],11,2025-03-04 22:04:43,根评论,5140596110660774
5140595995579108,猫瘾晚期患者,男,0,3,广东,回复@阿哈真有面子:应该是中杯姐姐[doge],1,2025-03-04 22:04:16,子评论,5140580142681661
5140595995579108,猫瘾晚期患者,男,0,3,广东,回复@阿哈真有面子:应该是中杯姐姐[doge],1,2025-03-04 22:04:16,根评论,5140595995579108
5140593580967159,芋头蒸饺,女,0,48,加拿大,拼尽全力cos令的一条大龙[笑cry]这强度是在搞笑吗,47,2025-03-04 21:54:40,根评论,5140593580967159
5140592669494982,当申吴,女,0,1375,广东,你怎么敢做个pv出来展示的？这个强度是人吗？,6,2025-03-04 21:51:03,根评论,5140592669494982
5140592171948458,Quinten_Post,男,0,23,四川,回复@Quinten_Post:难看到极点。。。,0,2025-03-04 21:49:04,子评论,5140592083866595
5140592171948458,Quinten_Post,男,0,23,四川,回复@Quinten_Post:难看到极点。。。,0,2025-03-04 21:49:04,根评论,5140592171948458
5140592083866595,Quinten_Post,男,0,23,四川,设计师你睡得着吗,4,2025-03-04 21:48:43,根评论,5140592083866595
5140591759857190,-黑色高級車-,男,0,8,广东,你是馋她身子吗？你这是喜欢强度，你兔头！,0,2025-03-04 21:47:26,根评论,5140591759857190
5140591461533393,由泪水织成的我,女,0,6,山东,你怎么还敢放视频的还塞个小羊拐一下演都不演了是吗[疑问],8,2025-03-04 21:46:15,根评论,5140591461533393
5140591348554345,打南边路过,女,0,4,湖南,就这强度谁要技能展示pv谁拿去，这都能被说成内部爱希望你喜欢的干员也被这么爱,10,2025-03-04 21:45:48,根评论,5140591348554345
5140591085621644,Tbizzzz,女,0,95,辽宁,回复@pia不想氪金了:啊啊啊啊啊啊啊哈哈哈笑的,0,2025-03-04 21:44:45,子评论,5140558116817711
5140591085621644,Tbizzzz,女,0,95,辽宁,回复@pia不想氪金了:啊啊啊啊啊啊啊哈哈哈笑的,0,2025-03-04 21:44:45,根评论,5140591085621644
5140591084048238,--喜劇--,男,0,0,四川,smsjs，别上班了,0,2025-03-04 21:44:45,根评论,5140591084048238
5140589869531440,五条悟性极高,女,0,20,广东,回复@此良夜不可去:中杯上都难保,1,2025-03-04 21:39:54,子评论,5140538236341327
5140589869531440,五条悟性极高,女,0,20,广东,回复@此良夜不可去:中杯上都难保,1,2025-03-04 21:39:54,根评论,5140589869531440
5140588246076228,蔚慕鸾,女,0,143,北京,什么时候公布设计师名字,53,2025-03-04 21:33:28,根评论,5140588246076228
5140587234465034,鹅嬷陀佛,女,0,711,北京,死芒设计师，苇草是你的妹！,3,2025-03-04 21:29:27,根评论,5140587234465034
5140586307784839,摊成一条咸鱼猫,女,0,1,广西,sjs你是不是还觉得自己的sm设计做的很好啊[微笑],5,2025-03-04 21:25:46,根评论,5140586307784839
5140585716127454,Davarys,男,0,0,湖北,sjs和海猫的🐴总得亖一个吧[心][心],4,2025-03-04 21:23:25,根评论,5140585716127454
5140583405065537,月相物质,女,0,143,湖南,你无敌了,0,2025-03-04 21:14:14,根评论,5140583405065537
5140583262193034,Kumori3_,男,0,0,上海,sjs开除吧,1,2025-03-04 21:13:40,根评论,5140583262193034
5140583174641179,换个名字求好运,女,0,66,上海,控制占模,0,2025-03-04 21:13:19,根评论,5140583174641179
5140582981960423,阿哈真有面子,女,0,35,浙江,伺夜召唤森蚺合成大杯,7,2025-03-04 21:12:32,子评论,5140580447814887
5140582981960423,阿哈真有面子,女,0,35,浙江,伺夜召唤森蚺合成大杯,7,2025-03-04 21:12:32,根评论,5140582981960423
5140582415466956,十二荣光刷血滴,男,0,97,天津,回复@bw小埃:[允悲]那太惨了，六星里应该没几个比她弱的,1,2025-03-04 21:10:17,子评论,5140580447814887
5140582415466956,十二荣光刷血滴,男,0,97,天津,回复@bw小埃:[允悲]那太惨了，六星里应该没几个比她弱的,1,2025-03-04 21:10:17,根评论,5140582415466956
5140581799166170,bw小埃,男,0,13,陕西,回复@十二荣光刷血滴:比这几个强点但不多,0,2025-03-04 21:07:50,子评论,5140580447814887
5140581799166170,bw小埃,男,0,13,陕西,回复@十二荣光刷血滴:比这几个强点但不多,0,2025-03-04 21:07:50,根评论,5140581799166170
5140580447814887,十二荣光刷血滴,男,0,97,天津,她和四爷止颂柳德米拉这几个比强度怎么样,3,2025-03-04 21:02:29,根评论,5140580447814887
5140580356327431,等到歌曲都奏完,女,0,32,甘肃,药剂巴干啥呀我真晕了，谁准许你膨胀一轮又回到2021的，实在不行我给怪充点钱怪膨胀一下吧放过爱姐行不行,15,2025-03-04 21:02:07,根评论,5140580356327431
5140580142681661,阿哈真有面子,女,0,35,浙江,超大杯铃兰和她的大杯妈妈，超大杯苇草和她的大杯姐姐,12,2025-03-04 21:01:16,根评论,5140580142681661
5140579902033718,一篮子芋圆波波,女,0,146,上海,图片评论 http://t.cn/A61gJ5cP,7,2025-03-04 21:00:19,根评论,5140579902033718
5140579818149334,阿哈真有面子,女,0,35,浙江,我要超大杯,0,2025-03-04 20:59:59,根评论,5140579818149334
5140579060810462,错别字大师,女,0,156,广东,リプライ @来一口生腌三文鱼:引星棘刺啊,0,2025-03-04 20:56:57,子评论,5140539586383950
5140579060810462,错别字大师,女,0,156,广东,リプライ @来一口生腌三文鱼:引星棘刺啊,0,2025-03-04 20:56:57,根评论,5140579060810462
5140578362983569,背着老公扣人不慎扣到白月光,女,0,91,陕西,强度党打算退游了经不起反复折磨哈,2,2025-03-04 20:54:12,根评论,5140578362983569
5140577957446167,Dim_Star黯然默星,女,0,6,贵州,设计师去mujica第七集听成人之歌一百遍，设计师你应该成为人类了，着设计诗人？,4,2025-03-04 20:52:34,根评论,5140577957446167
5140577368673943,实验室烹饪指南,男,0,10,湖北,能加强吗不能加强你能不能现在关服不然你把爱布拉娜删了我当没有这个ss,8,2025-03-04 20:50:15,根评论,5140577368673943
5140576916475610,区易昇,男,0,1481,北京,转发微博,0,2025-03-04 20:48:27,根评论,5140576916475610
5140576911755742,鹼性雨,女,0,17,河南,这演示就清个杂还手动[偷乐]强点的怪是一个也不敢打[偷乐]维娜我还精二了二技能玩挂机，你到底要干啥,3,2025-03-04 20:48:26,根评论,5140576911755742
5140576479745551,--杯温酒,女,0,98,吉林,请把爱布拉娜变回npc谢谢[微笑]请把剧情里的属于爱布拉娜的强度还给她[微笑],37,2025-03-04 20:46:43,根评论,5140576479745551
5140576451695517,WhiteSalt_白研,女,0,140,江苏,这种b技能组你他妈做个pv是啥意思,3,2025-03-04 20:46:36,根评论,5140576451695517
5140576249054474,数字名称好无聊改一下,女,0,10,广东,回复@数字名称好无聊改一下:[笑哈哈]令人感慨，这竟然是25年的干员,4,2025-03-04 20:45:48,子评论,5140575179246546
5140576249054474,数字名称好无聊改一下,女,0,10,广东,回复@数字名称好无聊改一下:[笑哈哈]令人感慨，这竟然是25年的干员,4,2025-03-04 20:45:48,根评论,5140576249054474
5140576156780327,Lukid___,女,0,5,浙江,厨子就不应该玩你这种破游戏，随便写角色强度，出了一大堆文案这种效果[微笑][微笑][微笑]，践踏厨子的心，剧情争议搞的不上不下[微笑][微笑][微笑]，设计师你知道四全家,12,2025-03-04 20:45:26,根评论,5140576156780327
5140576010766757,沐咩咩咩,男,0,1444,四川,技能看起来是有点儿复杂[允悲],0,2025-03-04 20:44:51,根评论,5140576010766757
5140575835131729,请输入昵称2355,女,0,16,河北,回复@pia不想氪金了:偶遇天赋型选手,0,2025-03-04 20:44:09,子评论,5140558116817711
5140575835131729,请输入昵称2355,女,0,16,河北,回复@pia不想氪金了:偶遇天赋型选手,0,2025-03-04 20:44:09,根评论,5140575835131729
5140575650841798,鹼性雨,女,0,17,河南,等着6周年再出个强干员捞钱呢吗,12,2025-03-04 20:43:25,根评论,5140575650841798
5140575641670881,请输入昵称2355,女,0,16,河北,这么漂亮的立绘就出个中杯干员[疑问]太浪费了吧,9,2025-03-04 20:43:23,根评论,5140575641670881
5140575318968184,合鸟厨,女,0,82,江苏,这个强度，日常用我都嫌召唤物挡着我放逻各斯了，上线前补个模组好好提提总伤回转说不定还有救,2,2025-03-04 20:42:06,根评论,5140575318968184
5140575179246546,数字名称好无聊改一下,女,0,10,广东,[笑哈哈]现已进入强度萎缩鼎盛期,20,2025-03-04 20:41:33,根评论,5140575179246546
5140574902421315,鹼性雨,女,0,17,河南,你这破技能还出个视频，二技能崩那个小怪那么多次才打死[笑哈哈]你搞笑呢,4,2025-03-04 20:40:27,根评论,5140574902421315
5140574492689751,羽毛笔好耶,男,0,4,江苏,加强香蕉姐，我就喜欢那么两个角色全是中杯，对得起我们吗？,0,2025-03-04 20:38:48,根评论,5140574492689751
5140574417717006,吴思羽_翼,女,0,347,广东,竟然有演示pv了？是因为技能太复杂了吗哈哈。偷偷漏了二天赋和一点数据，还行，终于不用靠猜了。二天赋是独立乘区吧，只能说是输出天赋且有用就是胜利。三技能的特殊仆役竟然是挡4但打单？要仆役自己开了技能才是群伤，而且看它技能好像，CD还不算短。亏麻了，长手加群攻不行吗？好吝啬。,1,2025-03-04 20:38:31,根评论,5140574417717006
5140574245226182,清焰714,男,0,212,福建,很好，2025年出中杯是吧,1,2025-03-04 20:37:50,根评论,5140574245226182
5140573582786696,023-纯真chan,女,0,147,广东,回复@碎纸机嘈杂的声音:感觉爱布拉娜这个人气和vvan很像，出来之后有没有人气要看有没有强度[允悲],4,2025-03-04 20:35:11,子评论,5140535914008676
5140573582786696,023-纯真chan,女,0,147,广东,回复@碎纸机嘈杂的声音:感觉爱布拉娜这个人气和vvan很像，出来之后有没有人气要看有没有强度[允悲],4,2025-03-04 20:35:11,根评论,5140573582786696
5140573552906524,白衬藏了阳光17621,男,0,6,广东,召唤物在自身周围给点buff也好啊,0,2025-03-04 20:35:05,根评论,5140573552906524
5140573280799295,鹼性雨,女,0,17,河南,滚,1,2025-03-04 20:34:00,根评论,5140573280799295
5140573268220464,秋山白石alter,女,0,16,安徽,脑测了一下怎么感觉有点菜,1,2025-03-04 20:33:57,根评论,5140573268220464
5140572905933506,15_sTepS,男,0,60,中国香港,回复@工具人202312:一眼菜吧,1,2025-03-04 20:32:31,子评论,5140545882033856
5140572905933506,15_sTepS,男,0,60,中国香港,回复@工具人202312:一眼菜吧,1,2025-03-04 20:32:31,根评论,5140572905933506
5140572722694125,一篮子芋圆波波,女,0,145,上海,事已至此can we just give 爱布拉娜九八五模组？！！！,1,2025-03-04 20:31:47,根评论,5140572722694125
5140572609971716,一篮子芋圆波波,女,0,145,上海,深池一堆鬼图精英怪，剧情强度超大杯的爱布拉娜落地就做成这副样子？上罗德岛的爱没用全力是吧，怎么敢放pv的呀这下厨子的心似了强度党开始群嘲明日方舟你真无敌了,2,2025-03-04 20:31:20,根评论,5140572609971716
5140572146766493,一篮子芋圆波波,女,0,145,上海,你有本事给本体四万快回转/八万慢回转伤害加上大小兵才算25年正常干员吧？[吃惊][吃惊][吃惊][吃惊],3,2025-03-04 20:29:30,根评论,5140572146766493
5140571811222983,一篮子芋圆波波,女,0,145,上海,本体给点伤害给点数值能怎样打召唤少人的干员开局都开不明白，二三不召兵，三更是叠满挡四打一这也不无敌啊还不如大龙呢,2,2025-03-04 20:28:10,根评论,5140571811222983
5140571534920638,柏百白-,女,0,1450,安徽,回复@柏百白-:这下行了[吃惊]香蕉姐要真这个强度还敢放技能pv我只能说，确实是原定陪跑位吧不得不放技能pv，要不然这个技能强度怎么敢放技能pv出来的[吃惊][吃惊][吃惊][吃惊][吃惊],5,2025-03-04 20:27:04,子评论,5140548349592056
5140571534920638,柏百白-,女,0,1450,安徽,回复@柏百白-:这下行了[吃惊]香蕉姐要真这个强度还敢放技能pv我只能说，确实是原定陪跑位吧不得不放技能pv，要不然这个技能强度怎么敢放技能pv出来的[吃惊][吃惊][吃惊][吃惊][吃惊],5,2025-03-04 20:27:04,根评论,5140571534920638
5140570965543080,MariposaDe,女,0,81,浙江,你怎么敢放pv的,6,2025-03-04 20:24:48,根评论,5140570965543080
5140570808779324,Eterlaze,女,0,19,福建,你意思是你设计出一个三技能不扩大攻击范围，然后要升级8次才能变成一个短手挡4打1，然后万一特殊仆从如果在叠满之前被杀了我还要重新叠是吗，爱厨的命不是命呗，名不经传的战场被炸伤妹妹全方面碾压深池领袖[黑线]别最后出来你的特殊仆从拼尽全力战胜不了深池折射小队，，，，，,24,2025-03-04 20:24:10,根评论,5140570808779324
5140570729614606,开摆的日常,男,0,0,湖南,回复@安葬白雾:中杯抽了干嘛,3,2025-03-04 20:23:52,子评论,5140567119103749
5140570729614606,开摆的日常,男,0,0,湖南,回复@安葬白雾:中杯抽了干嘛,3,2025-03-04 20:23:52,根评论,5140570729614606
5140569682346387,世界上还是好博美多呀,女,0,35,山东,回复@世界上还是好博美多呀:滚[允悲][允悲][允悲][允悲][允悲][允悲]这强度给我姐下毒了,2,2025-03-04 20:19:41,子评论,5140569560189218
5140569682346387,世界上还是好博美多呀,女,0,35,山东,回复@世界上还是好博美多呀:滚[允悲][允悲][允悲][允悲][允悲][允悲]这强度给我姐下毒了,2,2025-03-04 20:19:41,根评论,5140569682346387
5140569644336200,和花的亲亲黑妈,女,0,7,上海,跳过了7爷直接来到了8nana姐[good],42,2025-03-04 20:19:32,根评论,5140569644336200
5140569614981666,sangheilios,男,0,1,广东,死芒设计师，苇草是你的妹,8,2025-03-04 20:19:26,根评论,5140569614981666
5140569560189218,世界上还是好博美多呀,女,0,35,山东,鹰角网络你死了,7,2025-03-04 20:19:13,根评论,5140569560189218
5140569114542915,lhsiaidheidga,女,0,13,浙江,设计师是觉得自己做的特别好所以特地做个pv让人骂是吗[允悲],5,2025-03-04 20:17:26,根评论,5140569114542915
5140568939430324,来一口生腌三文鱼,男,0,14,安徽,回复@错别字大师:引引是谁呀,0,2025-03-04 20:16:44,子评论,5140539586383950
5140568939430324,来一口生腌三文鱼,男,0,14,安徽,回复@错别字大师:引引是谁呀,0,2025-03-04 20:16:44,根评论,5140568939430324
5140568892244123,Extra26,男,0,18,黑龙江,死芒sjs，啊米诺斯,0,2025-03-04 20:16:33,根评论,5140568892244123
5140568259953264,XXX·Alter,女,0,180,北京,sjs认真的？[疑问],0,2025-03-04 20:14:02,根评论,5140568259953264
5140567369975862,ZaneveryourS-S,女,0,8,广东,回复@安葬白雾:纯强度不推荐,1,2025-03-04 20:10:31,子评论,5140567119103749
5140567369975862,ZaneveryourS-S,女,0,8,广东,回复@安葬白雾:纯强度不推荐,1,2025-03-04 20:10:31,根评论,5140567369975862
5140567119103749,安葬白雾,女,0,8,天津,所以建议抽吗[泪],1,2025-03-04 20:09:31,根评论,5140567119103749
5140566960246004,天哪撸609,男,0,43,四川,能否让夕转职成塑灵术师阿,1,2025-03-04 20:08:53,根评论,5140566960246004
5140566007874619,YUbearr,女,0,39,意大利,菜的我心碎,5,2025-03-04 20:05:05,根评论,5140566007874619
5140565734985903,爱神降临030,男,0,125,上海,强度嗵一声落下～,2,2025-03-04 20:04:01,根评论,5140565734985903
5140565734983243,蒙全对克全会,男,0,51,辽宁,这强度你想干啥[费解][费解][费解]三技能总伤不到一万，大怪要升级还是超绝打单，设计师不署名就瞎几把搞呗,1,2025-03-04 20:04:00,根评论,5140565734983243
5140565582942424,柏百白-,女,0,1450,安徽,回复@窥淵鱼:不是，是我没说明白，我的意思不是说写完了临时改，是觉得可能这些角色在主线剧情写完定或者大部分之前是想这么安排的，毕竟香蕉姐立绘早就有了不是最近才有，维多利亚主线开始到现在也很长的时间了，按照半年开始做的工期，我觉得是有可能在动工之前改掉的() 不过之后要是都有技能pv那就全部不成立！,1,2025-03-04 20:03:25,子评论,5140548349592056
5140565582942424,柏百白-,女,0,1450,安徽,回复@窥淵鱼:不是，是我没说明白，我的意思不是说写完了临时改，是觉得可能这些角色在主线剧情写完定或者大部分之前是想这么安排的，毕竟香蕉姐立绘早就有了不是最近才有，维多利亚主线开始到现在也很长的时间了，按照半年开始做的工期，我觉得是有可能在动工之前改掉的() 不过之后要是都有技能pv那就全部不成立！,1,2025-03-04 20:03:25,根评论,5140565582942424
5140565088801471,醒醒mi_gatito,女,0,46,湖南,看不懂 ☝️等测评,1,2025-03-04 20:01:27,根评论,5140565088801471
5140565030601273,闲来有事_,女,0,19,湖南,打单召唤物…[裂开],1,2025-03-04 20:01:12,根评论,5140565030601273
5140564911851255,Eterlaze,女,0,19,福建,为什么三技能的特殊仆从挡4但是还是打单啊……🍌厨悬着的心死透了，为什么2025年还能设计出打单的大召唤物，，，，，,43,2025-03-04 20:00:45,根评论,5140564911851255
5140564773962891,窥淵鱼,男,0,17,江西,回复@柏百白-:而爱布拉娜根据隐德来希故事集剧情打完就跟着铁公爵走了，她俩从空间角度都不在一个地方，况且最重要的一点，维娜剧情罗德岛几乎没掺和，这也和主线差的很大,0,2025-03-04 20:00:12,子评论,5140548349592056
5140564773962891,窥淵鱼,男,0,17,江西,回复@柏百白-:而爱布拉娜根据隐德来希故事集剧情打完就跟着铁公爵走了，她俩从空间角度都不在一个地方，况且最重要的一点，维娜剧情罗德岛几乎没掺和，这也和主线差的很大,0,2025-03-04 20:00:12,根评论,5140564773962891
5140564748277503,猫禄_,男,0,5,广东,回复@猫禄_:至少你塑灵术士5星下位都有个攻击范围扩大让召唤物变成远程还不限制数量，你这张6星上位不扩大攻击范围手短得一比就算了召唤物都短手[疑问],12,2025-03-04 20:00:06,子评论,5140563121930902
5140564748277503,猫禄_,男,0,5,广东,回复@猫禄_:至少你塑灵术士5星下位都有个攻击范围扩大让召唤物变成远程还不限制数量，你这张6星上位不扩大攻击范围手短得一比就算了召唤物都短手[疑问],12,2025-03-04 20:00:06,根评论,5140564748277503
5140563940345737,猫禄_,男,0,5,广东,回复@猫禄_:咱就是说你抑制强度别这样抑行不，一张卡手短你至少给人看到他的优势区间，你退一万步讲做成佩佩那种咱都不喷了，看看隐德来希和香蕉姐是照着你21年的标准设计的吗[疑问],18,2025-03-04 19:56:53,子评论,5140563121930902
5140563940345737,猫禄_,男,0,5,广东,回复@猫禄_:咱就是说你抑制强度别这样抑行不，一张卡手短你至少给人看到他的优势区间，你退一万步讲做成佩佩那种咱都不喷了，看看隐德来希和香蕉姐是照着你21年的标准设计的吗[疑问],18,2025-03-04 19:56:53,根评论,5140563940345737
5140563561547924,惊寂1977,男,0,5609,湖北,重塑群法荣光，死芒在所不辞！！,0,2025-03-04 19:55:23,根评论,5140563561547924
5140563301238978,柏百白-,女,0,1450,安徽,回复@不吃一只猫饼:都可以都可以你觉得是这样当然有道理，我只是觉得像，这到底怎么说也得看之后有没有了，之前维娜pv不还猜到底独一份还是都有吗，目前来看就她独一份(),0,2025-03-04 19:54:21,子评论,5140548349592056
5140563301238978,柏百白-,女,0,1450,安徽,回复@不吃一只猫饼:都可以都可以你觉得是这样当然有道理，我只是觉得像，这到底怎么说也得看之后有没有了，之前维娜pv不还猜到底独一份还是都有吗，目前来看就她独一份(),0,2025-03-04 19:54:21,根评论,5140563301238978
5140563250910980,司命乱红尘,女,0,5,山东,回复@司命乱红尘:还带个精二的，牛逼[弱],4,2025-03-04 19:54:09,子评论,5140538114441755
5140563250910980,司命乱红尘,女,0,5,山东,回复@司命乱红尘:还带个精二的，牛逼[弱],4,2025-03-04 19:54:09,根评论,5140563250910980
5140563209228854,灭霸的野爹,男,0,15,四川,很弱吗，评论区在干嘛,1,2025-03-04 19:53:59,根评论,5140563209228854
5140563121930902,猫禄_,男,0,5,广东,一技能爆炸泛用存疑，二技能控制时间长但是这总伤素在？[疑问]三技能看似短轴爆发实际上就是一个特殊召唤物的回血加了一个二连发的莱恩哈特2技能？[疑问]法伤端有法穿就算了没有法穿你敢设计这种单段？特殊召唤物还有个自动开的技能看着很用心但是看一眼这张图还能打出这样的dps真的很吓人[疑问],47,2025-03-04 19:53:37,根评论,5140563121930902
5140562868964005,窥淵鱼,男,0,17,江西,回复@柏百白-:主要还是现实和游戏内因素都太渺茫了，现实里动画pv、半周年限定的漫画都需要工期，然后之前听说鹰角是提前做半年后的活动，半周年的活动基本在周年就开始做了，这要换也太麻烦了；再说游戏内，就算不管文案写作，维娜剧情期间打完萨卡兹就一直待在伦蒂尼姆，,0,2025-03-04 19:52:38,子评论,5140548349592056
5140562868964005,窥淵鱼,男,0,17,江西,回复@柏百白-:主要还是现实和游戏内因素都太渺茫了，现实里动画pv、半周年限定的漫画都需要工期，然后之前听说鹰角是提前做半年后的活动，半周年的活动基本在周年就开始做了，这要换也太麻烦了；再说游戏内，就算不管文案写作，维娜剧情期间打完萨卡兹就一直待在伦蒂尼姆，,0,2025-03-04 19:52:38,根评论,5140562868964005
5140562656888564,不吃一只猫饼,男,0,6,江西,回复@柏百白-:，，有技能演示不是因为现在游戏玩法更复杂了吗,0,2025-03-04 19:51:47,子评论,5140548349592056
5140562656888564,不吃一只猫饼,男,0,6,江西,回复@柏百白-:，，有技能演示不是因为现在游戏玩法更复杂了吗,0,2025-03-04 19:51:47,根评论,5140562656888564
5140561708452113,M_is_Infinity,男,0,525,广东,还以为特意整个技能展示会有什么好的大的活，看完之后，不止把新鲜感弄没了，抽取意愿还下降了[微笑]你哪怕多整个小兵被打死之后会自爆引起范围爆炸造成持续法伤？现在只有小兵生成跟升级才有范围法伤，大兵还要开3技能升级，看演示3技能回转速度真的有点慢，那万一大兵升到3级前就被打死呢？死了就死,11,2025-03-04 19:48:01,根评论,5140561708452113
5140560571531731,樂子超人ProMaxPlus,男,0,10,河北,回复@偏控白:是的，可惜不是。,0,2025-03-04 19:43:29,子评论,5140556640683086
5140560571531731,樂子超人ProMaxPlus,男,0,10,河北,回复@偏控白:是的，可惜不是。,0,2025-03-04 19:43:29,根评论,5140560571531731
5140560508619813,樂子超人ProMaxPlus,男,0,10,河北,回复@偏控白:嗯……少人确实有说法，但是我要是有两个蓝门你不炸了（）,0,2025-03-04 19:43:15,子评论,5140556640683086
5140560508619813,樂子超人ProMaxPlus,男,0,10,河北,回复@偏控白:嗯……少人确实有说法，但是我要是有两个蓝门你不炸了（）,0,2025-03-04 19:43:15,根评论,5140560508619813
5140559943174396,偏控白,男,0,0,广东,回复@樂子超人ProMaxPlus:比起新时代百嘉，这个干员最有希望的赛道应该是争取成为新时代的令霸占日常少人，如果能等到适配的肉鸽就更好，合约感觉没啥上场空间了,0,2025-03-04 19:41:00,子评论,5140556640683086
5140559943174396,偏控白,男,0,0,广东,回复@樂子超人ProMaxPlus:比起新时代百嘉，这个干员最有希望的赛道应该是争取成为新时代的令霸占日常少人，如果能等到适配的肉鸽就更好，合约感觉没啥上场空间了,0,2025-03-04 19:41:00,根评论,5140559943174396
5140559245349057,偏控白,男,0,0,广东,回复@樂子超人ProMaxPlus:如果她像妮芙一样脱手，能实现几乎单人永控那不是真群攻也没事，可惜不是,0,2025-03-04 19:38:14,子评论,5140556640683086
5140559245349057,偏控白,男,0,0,广东,回复@樂子超人ProMaxPlus:如果她像妮芙一样脱手，能实现几乎单人永控那不是真群攻也没事，可惜不是,0,2025-03-04 19:38:14,根评论,5140559245349057
5140559161461539,伊刹那美,女,0,185,安徽,啥玩意啊,0,2025-03-04 19:37:54,根评论,5140559161461539
5140558583694728,-风息时-,女,0,394,陕西,[微笑]数值垃圾就扇你,2,2025-03-04 19:35:36,根评论,5140558583694728
5140558318145147,一予惊醒梦中人,男,0,90,山东,回复@不想上班ovo1:问就是等模组,0,2025-03-04 19:34:33,子评论,5140557136400377
5140558318145147,一予惊醒梦中人,男,0,90,山东,回复@不想上班ovo1:问就是等模组,0,2025-03-04 19:34:33,根评论,5140558318145147
5140558302678098,樂子超人ProMaxPlus,男,0,10,河北,回复@偏控白:二技能数值才两万多，杀个流血狗都费劲,0,2025-03-04 19:34:29,子评论,5140556640683086
5140558302678098,樂子超人ProMaxPlus,男,0,10,河北,回复@偏控白:二技能数值才两万多，杀个流血狗都费劲,0,2025-03-04 19:34:29,根评论,5140558302678098
5140558281445707,不想上班ovo1,男,0,14,广东,回复@不想上班ovo1:这设计师的活真好当啊,1,2025-03-04 19:34:24,子评论,5140557136400377
5140558281445707,不想上班ovo1,男,0,14,广东,回复@不想上班ovo1:这设计师的活真好当啊,1,2025-03-04 19:34:24,根评论,5140558281445707
5140558204898465,樂子超人ProMaxPlus,男,0,10,河北,回复@偏控白:并无太大说法，二技能不是真群攻沉睡，在控制方面不如夜半🌚💧,0,2025-03-04 19:34:06,子评论,5140556640683086
5140558204898465,樂子超人ProMaxPlus,男,0,10,河北,回复@偏控白:并无太大说法，二技能不是真群攻沉睡，在控制方面不如夜半🌚💧,0,2025-03-04 19:34:06,根评论,5140558204898465
5140558116817711,pia不想氪金了,男,0,142,湖北,设计师死芒了[允悲],176,2025-03-04 19:33:45,根评论,5140558116817711
5140557949308560,ZaneveryourS-S,女,0,8,广东,所以为什么有些常驻干员有，有些却没有，不管原因如何，不患寡而患不均，其他以后的干员，也应该有啊,3,2025-03-04 19:33:05,根评论,5140557949308560
5140557735133562,不想上班ovo1,男,0,14,广东,回复@不想上班ovo1:本来就少一个天赋低人一等，第二天赋能触发吗我请问了，召唤物本来就不好活，死前a一刀大的是吧,0,2025-03-04 19:32:13,子评论,5140557136400377
5140557735133562,不想上班ovo1,男,0,14,广东,回复@不想上班ovo1:本来就少一个天赋低人一等，第二天赋能触发吗我请问了，召唤物本来就不好活，死前a一刀大的是吧,0,2025-03-04 19:32:13,根评论,5140557735133562
5140557484526171,偏控白,男,0,0,广东,回复@樂子超人ProMaxPlus:如果要打合约，唯一有说法的是二技能的沉睡，还得看数值给的怎么样,0,2025-03-04 19:31:14,子评论,5140556640683086
5140557484526171,偏控白,男,0,0,广东,回复@樂子超人ProMaxPlus:如果要打合约，唯一有说法的是二技能的沉睡，还得看数值给的怎么样,0,2025-03-04 19:31:14,根评论,5140557484526171
5140557136400377,不想上班ovo1,男,0,14,广东,设计师最新痢作，2025年了第二天赋还能设计成这样,14,2025-03-04 19:29:51,根评论,5140557136400377
5140556640683086,樂子超人ProMaxPlus,男,0,10,河北,一百个百嘉计划还在发力……人家百嘉刚出时还有超大杯混，你这高人气卫星到底为什么又做成这个一眼没高难dream的尴尬强度啊……到底什么时候才能再来点让人眼前一亮的干员？,62,2025-03-04 19:27:53,根评论,5140556640683086
5140556602939579,inainainaina,女,0,2,广西,感觉yj本来是打算把推王和香蕉姐放一个池的？[思考],2,2025-03-04 19:27:44,根评论,5140556602939579
5140556301994304,鲸鲨贴贴,女,0,55,匈牙利,回复@宵晓晓晓晓:没有那么夸张，这玩意的生存能力类比的其实是令的大龙，大龙现在的生存能力有多大的问题，这玩意就同样有,2,2025-03-04 19:26:32,子评论,5140546780400416
5140556301994304,鲸鲨贴贴,女,0,55,匈牙利,回复@宵晓晓晓晓:没有那么夸张，这玩意的生存能力类比的其实是令的大龙，大龙现在的生存能力有多大的问题，这玩意就同样有,2,2025-03-04 19:26:32,根评论,5140556301994304
5140556033561078,柏百白-,女,0,1450,安徽,回复@窥淵鱼:不是说这个剧情是单纯的扩写，我是觉得本来都是主线落地，但主线没篇幅，所以就全拎出来作为单独的活动的主角，毕竟六异普六只有维娜有个人pv，目前也只有香蕉姐有技能演示视频，也符合限定陪跑的差异。而且换成这个单独活动主角了剧情就不会是单纯的扩写，当然，都是我猜的你可以当我没说(),0,2025-03-04 19:25:28,子评论,5140548349592056
5140556033561078,柏百白-,女,0,1450,安徽,回复@窥淵鱼:不是说这个剧情是单纯的扩写，我是觉得本来都是主线落地，但主线没篇幅，所以就全拎出来作为单独的活动的主角，毕竟六异普六只有维娜有个人pv，目前也只有香蕉姐有技能演示视频，也符合限定陪跑的差异。而且换成这个单独活动主角了剧情就不会是单纯的扩写，当然，都是我猜的你可以当我没说(),0,2025-03-04 19:25:28,根评论,5140556033561078
5140554863608510,太刀小子,男,0,0,河北,许愿死芒 出必还愿[开学季][开学季] 谢谢鹰角,0,2025-03-04 19:20:48,根评论,5140554863608510
5140554681944986,太宰赤一,女,0,48,河北,回复@槐序拾月:鬼姐一定会异格的,0,2025-03-04 19:20:06,子评论,5140533362820931
5140554681944986,太宰赤一,女,0,48,河北,回复@槐序拾月:鬼姐一定会异格的,0,2025-03-04 19:20:06,根评论,5140554681944986
5140554644197940,古曲丨琴音,女,0,2,山东,看着有点弱啊，三技能又要两波技能又有范围内有人头才能叠满，估计上限就那样了。倒是二技能感觉还有机会，毕竟是睡眠,1,2025-03-04 19:19:57,根评论,5140554644197940
5140554636331972,太宰赤一,女,0,48,河北,回复@用户7364811967:希望四爷能985模组拯救一下吧[泪],0,2025-03-04 19:19:55,子评论,5140533362820931
5140554636331972,太宰赤一,女,0,48,河北,回复@用户7364811967:希望四爷能985模组拯救一下吧[泪],0,2025-03-04 19:19:55,根评论,5140554636331972
5140554446803490,无敌蛋饼王,女,0,107,浙江,感觉好好玩,0,2025-03-04 19:19:10,根评论,5140554446803490
5140553579629568,mlyer记得去滴眼药水,男,0,13,海南,晕了差不多十秒诶，超大杯有梦[傻眼],0,2025-03-04 19:15:43,根评论,5140553579629568
5140553222064893,窥淵鱼,男,0,17,江西,回复@柏百白-:动画pv这种长工期的东西怎么补啊[思考]然后建议去重温一下追迹日落以西的剧情，里面开头摩根视角的意识流和中间的插叙作为一款二次元游戏要求易读性和故事性的剧情来说是写的相当好的。我不认为你假设的扩写拼接是一个能够轻描淡写完成的操作，甚至是对追迹日落以西剧情的侮辱,0,2025-03-04 19:14:18,子评论,5140548349592056
5140553222064893,窥淵鱼,男,0,17,江西,回复@柏百白-:动画pv这种长工期的东西怎么补啊[思考]然后建议去重温一下追迹日落以西的剧情，里面开头摩根视角的意识流和中间的插叙作为一款二次元游戏要求易读性和故事性的剧情来说是写的相当好的。我不认为你假设的扩写拼接是一个能够轻描淡写完成的操作，甚至是对追迹日落以西剧情的侮辱,0,2025-03-04 19:14:18,根评论,5140553222064893
5140552829108775,用户7364811967,男,0,0,广东,回复@太宰赤一:反观b3狼[泪],0,2025-03-04 19:12:43,子评论,5140533362820931
5140552829108775,用户7364811967,男,0,0,广东,回复@太宰赤一:反观b3狼[泪],0,2025-03-04 19:12:43,根评论,5140552829108775
5140552724516405,瑞某鸽鸽_咕咕咕咕咕,女,0,481,上海,回复@瑞某鸽鸽_咕咕咕咕咕:猜一个20s回转,0,2025-03-04 19:12:19,子评论,5140552459751369
5140552724516405,瑞某鸽鸽_咕咕咕咕咕,女,0,481,上海,回复@瑞某鸽鸽_咕咕咕咕咕:猜一个20s回转,0,2025-03-04 19:12:19,根评论,5140552724516405
5140552459751369,瑞某鸽鸽_咕咕咕咕咕,女,0,481,上海,盯帧算了一下三技能砸那一下好像是750%的倍率[哆啦A梦害怕]难道是吃拐大王了？,2,2025-03-04 19:11:16,根评论,5140552459751369
5140550886099085,柏百白-,女,0,1450,安徽,回复@AAA永远亭兔子批发:哦对，差点把她忘了，剧情占比那么大却没落地(没赠送6落地也算好事吧),0,2025-03-04 19:05:01,子评论,5140548349592056
5140550886099085,柏百白-,女,0,1450,安徽,回复@AAA永远亭兔子批发:哦对，差点把她忘了，剧情占比那么大却没落地(没赠送6落地也算好事吧),0,2025-03-04 19:05:01,根评论,5140550886099085
5140550395631087,柏百白-,女,0,1450,安徽,回复@窥淵鱼:其实看着像两角色本来主线限定陪跑落地，但主线在维多利亚的时间太长了没档期安排了，就把两人的剧情裁剪出来后，然后又在原定剧情上扩写变成活动了呗。维娜的动画pv和香蕉姐差那么久，当时做这种决策肯定是给限定位的维娜补pv，至于香蕉姐就是技能演示,0,2025-03-04 19:03:04,子评论,5140548349592056
5140550395631087,柏百白-,女,0,1450,安徽,回复@窥淵鱼:其实看着像两角色本来主线限定陪跑落地，但主线在维多利亚的时间太长了没档期安排了，就把两人的剧情裁剪出来后，然后又在原定剧情上扩写变成活动了呗。维娜的动画pv和香蕉姐差那么久，当时做这种决策肯定是给限定位的维娜补pv，至于香蕉姐就是技能演示,0,2025-03-04 19:03:04,根评论,5140550395631087
5140549371694810,还健在的,女,0,181,陕西,没看懂…难怪要出视频,8,2025-03-04 18:59:00,根评论,5140549371694810
5140549230137538,AAA永远亭兔子批发,女,0,16,江苏,回复@柏百白-:可能是阿勒黛吧，立绘都换了没理由不上岛，现在主线都要去雷姆必拓了不知道要怎么才能实装了,2,2025-03-04 18:58:26,子评论,5140548349592056
5140549230137538,AAA永远亭兔子批发,女,0,16,江苏,回复@柏百白-:可能是阿勒黛吧，立绘都换了没理由不上岛，现在主线都要去雷姆必拓了不知道要怎么才能实装了,2,2025-03-04 18:58:26,根评论,5140549230137538
5140548940466515,窥淵鱼,男,0,17,江西,回复@柏百白-:所以两个sidestory加一个故事集的剧情量怎么融到一个来，动画pv也是只有维娜一个人的,1,2025-03-04 18:57:17,子评论,5140548349592056
5140548940466515,窥淵鱼,男,0,17,江西,回复@柏百白-:所以两个sidestory加一个故事集的剧情量怎么融到一个来，动画pv也是只有维娜一个人的,1,2025-03-04 18:57:17,根评论,5140548940466515
5140548872836121,远黛岭,女,0,21,浙江,这个演示以后常驻吗[太开心][太开心]看看sjs的小巧思,3,2025-03-04 18:57:01,根评论,5140548872836121
5140548454715426,特利斯特,女,0,7,中国台湾,顯卡：完辣,0,2025-03-04 18:55:21,根评论,5140548454715426
5140548349592056,柏百白-,女,0,1450,安徽,真像是原定维娜限定，香蕉姐陪跑，那原定赠送是谁，总不能是隐隐吧,30,2025-03-04 18:54:55,根评论,5140548349592056
5140548344087821,尾号7736,男,0,14,山东,感觉吃操作，日常难用，不知道肉鸽能不能上场[晕],1,2025-03-04 18:54:54,根评论,5140548344087821
5140547808794327,槐序拾月,女,0,74,湖南,回复@太宰赤一:鬼姐厨夕夕一笑😔,2,2025-03-04 18:52:47,子评论,5140533362820931
5140547808794327,槐序拾月,女,0,74,湖南,回复@太宰赤一:鬼姐厨夕夕一笑😔,2,2025-03-04 18:52:47,根评论,5140547808794327
5140546977009000,老公要高考工地在召唤,男,0,16,天津,三技能演示用这图总伤危险了,31,2025-03-04 18:49:29,根评论,5140546977009000
5140546780400416,宵晓晓晓晓,男,0,214,山西,来个兔头拉表，算算3技能这二重aoe伤害多少[哆啦A梦害怕]还有超大杯仆役保底是个星熊有点离谱了吧,1,2025-03-04 18:48:42,根评论,5140546780400416
5140546058194133,Jerry是一颗海胆,男,0,81,宁夏,回复@碎纸机嘈杂的声音:主要是大兵得升级，但按特科诺不用自己打死就能召唤的情况来看，她应该也是范围里有怪死了就行，所以大兵升级maybe不难，现在萨卡兹环境对召唤物不友好，就等今年新肉鸽/新合约怎么发挥了，反正目前来看日常肯定能用（指一技能）,0,2025-03-04 18:45:50,子评论,5140532808647665
5140546058194133,Jerry是一颗海胆,男,0,81,宁夏,回复@碎纸机嘈杂的声音:主要是大兵得升级，但按特科诺不用自己打死就能召唤的情况来看，她应该也是范围里有怪死了就行，所以大兵升级maybe不难，现在萨卡兹环境对召唤物不友好，就等今年新肉鸽/新合约怎么发挥了，反正目前来看日常肯定能用（指一技能）,0,2025-03-04 18:45:50,根评论,5140546058194133
5140545882033856,工具人202312,男,0,1,山东,嘶……超大下？个人感觉，，,0,2025-03-04 18:45:08,根评论,5140545882033856
5140545816498348,是喵喵official,女,0,95,云南,不懂就问什么杯,0,2025-03-04 18:44:52,根评论,5140545816498348
5140545762230853,工具人202312,男,0,1,山东,回复@栗荔粒藤子:刚看到个说法是推限定爱陪跑哈哈哈哈但是推没有技能pv，听个乐就行（）,1,2025-03-04 18:44:38,子评论,5140544699238408
5140545762230853,工具人202312,男,0,1,山东,回复@栗荔粒藤子:刚看到个说法是推限定爱陪跑哈哈哈哈但是推没有技能pv，听个乐就行（）,1,2025-03-04 18:44:38,根评论,5140545762230853
5140545682279607,音音症候群,女,0,95,广西,妈呀姐要成为新时代的挂机刷信赖中坚了吗[努力],0,2025-03-04 18:44:20,根评论,5140545682279607
5140545609664849,微博热搜,女,0,1901523,北京,恭喜！你发布的微博已经登上热搜榜，这条精彩创作得到了很多关注和讨论！点击查看 >> http://t.cn/A61g40BZ 创作指南>> http://t.cn/A6OqQFzK,0,2025-03-04 18:44:03,根评论,5140545609664849
5140544826379014,雪重花满,女,0,9,山东,那sjs为什么能在2025年设计出那么逆天的夕特限模[微笑][微笑][微笑][微笑][微笑],3,2025-03-04 18:40:55,根评论,5140544826379014
5140544699238408,栗荔粒藤子,女,0,21,山西,有点像老早就做好了打算当限定，结果计划有变但是做都做了就发出来吧.JPG,37,2025-03-04 18:40:26,根评论,5140544699238408
5140543450648834,此时存档,男,0,30,湖南,兔头判官，提前审批,1,2025-03-04 18:35:28,根评论,5140543450648834
5140543315379620,錆青磁mio,女,0,173,北京,回复@Jerry是一颗海胆:嗯睡眠肯定还是有梦的,1,2025-03-04 18:34:56,子评论,5140532808647665
5140543315379620,錆青磁mio,女,0,173,北京,回复@Jerry是一颗海胆:嗯睡眠肯定还是有梦的,1,2025-03-04 18:34:56,根评论,5140543315379620
5140543231493734,月亮都不知道,女,0,29,河南,以后的六星都有吗？,1,2025-03-04 18:34:36,根评论,5140543231493734
5140542532356346,一木双林l,男,0,47,福建,[哇],0,2025-03-04 18:31:49,根评论,5140542532356346
5140542356193392,一条大馄饨,女,0,95,辽宁,我以为看错了，居然是官号,0,2025-03-04 18:31:06,根评论,5140542356193392
5140542032447349,碎纸机嘈杂的声音,男,0,6,四川,回复 @Jerry是一颗海胆:单核11-6低质量怪海都够呛，输出不行，召唤物生存面板不错,0,2025-03-04 18:29:50,子评论,5140532808647665
5140542032447349,碎纸机嘈杂的声音,男,0,6,四川,回复 @Jerry是一颗海胆:单核11-6低质量怪海都够呛，输出不行，召唤物生存面板不错,0,2025-03-04 18:29:50,根评论,5140542032447349
5140541592570289,晨曦耀夜,女,0,35,黑龙江,啊太好了我们明日方舟还在进步六星干员开始出视频演示技能了（）,28,2025-03-04 18:28:05,根评论,5140541592570289
5140541457829087,碎纸机嘈杂的声音,男,0,6,四川,回复 @023-纯真chan:不会吧，爱布拉娜人气蛮高的，如果你说法是真的，感觉是档期的问题，把维娜和她的ss贬为普通活动,3,2025-03-04 18:27:33,子评论,5140535914008676
5140541457829087,碎纸机嘈杂的声音,男,0,6,四川,回复 @023-纯真chan:不会吧，爱布拉娜人气蛮高的，如果你说法是真的，感觉是档期的问题，把维娜和她的ss贬为普通活动,3,2025-03-04 18:27:33,根评论,5140541457829087
5140541064354308,新昆仑掌管快慢刀的神,女,0,135,福建,回复@幼闪的逼:视频里是回了10费打死了技能条还剩一节，大概12s，但是不脱手,0,2025-03-04 18:25:59,子评论,5140534226845805
5140541064354308,新昆仑掌管快慢刀的神,女,0,135,福建,回复@幼闪的逼:视频里是回了10费打死了技能条还剩一节，大概12s，但是不脱手,0,2025-03-04 18:25:59,根评论,5140541064354308
5140541010084774,空爆_带薪吃饭,男,0,29,广东,回复@-溢尘-:姐独自升级,3,2025-03-04 18:25:45,子评论,5140540116699821
5140541010084774,空爆_带薪吃饭,男,0,29,广东,回复@-溢尘-:姐独自升级,3,2025-03-04 18:25:45,根评论,5140541010084774
5140540974698627,Leader--Shaun,男,0,148,山东,令和夕哭晕在厕所,11,2025-03-04 18:25:38,根评论,5140540974698627
5140540686342482,做好清洁,男,0,107,江苏,回复@Hana_Sakacha:大概都去搞慈善了吧，上次说一共捐了四千多万,14,2025-03-04 18:24:29,子评论,5140535914008676
5140540686342482,做好清洁,男,0,107,江苏,回复@Hana_Sakacha:大概都去搞慈善了吧，上次说一共捐了四千多万,14,2025-03-04 18:24:29,根评论,5140540686342482
5140540681883310,陨落00星拥,男,0,0,浙江,回复@天是绿的草是蓝的:不能，只能在自己攻击范围里召唤，没有令灵活,1,2025-03-04 18:24:28,子评论,5140532746782147
5140540681883310,陨落00星拥,男,0,0,浙江,回复@天是绿的草是蓝的:不能，只能在自己攻击范围里召唤，没有令灵活,1,2025-03-04 18:24:28,根评论,5140540681883310
5140540509392970,阿哈真有面子,女,0,35,浙江,超大杯,0,2025-03-04 18:23:47,根评论,5140540509392970
5140540493140879,Jordy-誠,男,0,44,福建,不患寡而患不均,4,2025-03-04 18:23:43,根评论,5140540493140879
5140540463778679,TNL555,女,0,16,河北,居然有技能pv,1,2025-03-04 18:23:36,根评论,5140540463778679
5140540187479914,降智僵宝,男,0,9900,上海,回复@Hana_Sakacha:先滑跪：棘刺这个事情确实，我能自洽的解释就是维娜是第三章女主的地位。再说物料的事情，美术资源角度技能演示pv工作量挺小的，而且香蕉姐之后六星没有演示pv这事又没法预测，还是不要贷款赤石。如果后续六星都没有欢迎清算，我立正挨打[哆啦A梦微笑],4,2025-03-04 18:22:30,子评论,5140535914008676
5140540187479914,降智僵宝,男,0,9900,上海,回复@Hana_Sakacha:先滑跪：棘刺这个事情确实，我能自洽的解释就是维娜是第三章女主的地位。再说物料的事情，美术资源角度技能演示pv工作量挺小的，而且香蕉姐之后六星没有演示pv这事又没法预测，还是不要贷款赤石。如果后续六星都没有欢迎清算，我立正挨打[哆啦A梦微笑],4,2025-03-04 18:22:30,根评论,5140540187479914
5140540116699821,-溢尘-,男,0,65,江苏,站起来,1,2025-03-04 18:22:13,根评论,5140540116699821
5140540066367929,幼闪的逼,女,0,91,浙江,回复@新昆仑掌管快慢刀的神:还得看回转，没仔细数感觉像是10s多的样子,0,2025-03-04 18:22:01,子评论,5140534226845805
5140540066367929,幼闪的逼,女,0,91,浙江,回复@新昆仑掌管快慢刀的神:还得看回转，没仔细数感觉像是10s多的样子,0,2025-03-04 18:22:01,根评论,5140540066367929
5140540024161049,潜行小狼RW,女,0,99,福建,对着你的文案研读半天后才发现有技能展示视频，原来你也知道这技能设计太复杂了啊[哼],8,2025-03-04 18:21:50,根评论,5140540024161049
5140539986414160,023-纯真chan,女,0,147,广东,回复@Hana_Sakacha:怀疑维娜和爱香蕉本来是要做成限定的，估计看着没什么人气，怕流水不行，就改成常驻了，看看下一个六星有没有技能展示pv就知道了,4,2025-03-04 18:21:42,子评论,5140535914008676
5140539986414160,023-纯真chan,女,0,147,广东,回复@Hana_Sakacha:怀疑维娜和爱香蕉本来是要做成限定的，估计看着没什么人气，怕流水不行，就改成常驻了，看看下一个六星有没有技能展示pv就知道了,4,2025-03-04 18:21:42,根评论,5140539986414160
5140539922712148,TomaFerme,男,0,106,中国香港,回复@TomaFerme:以后技能一出直接算伤害了不用预估了,0,2025-03-04 18:21:27,子评论,5140539553088371
5140539922712148,TomaFerme,男,0,106,中国香港,回复@TomaFerme:以后技能一出直接算伤害了不用预估了,0,2025-03-04 18:21:27,根评论,5140539922712148
5140539586383950,错别字大师,女,0,156,广东,所以就引引和隐隐啥都平平无奇连pv都少人一份是吧？,11,2025-03-04 18:20:07,根评论,5140539586383950
5140539553088371,TomaFerme,男,0,106,中国香港,完蛋了，重生之我是明日方舟设计师环节好像要宣告完结了,11,2025-03-04 18:19:59,根评论,5140539553088371
5140539302741278,潇_最最最喜欢miyu,男,0,399,上海,你最好是以后每个六星都有哈,7,2025-03-04 18:18:59,根评论,5140539302741278
5140539280195999,塔奈焦糖,男,0,403,江苏,好家伙,0,2025-03-04 18:18:53,根评论,5140539280195999
5140539046891474,大葱21,男,0,3726,河北,[抱一抱][抱一抱][抱一抱],0,2025-03-04 18:17:58,根评论,5140539046891474
5140539038241653,网恋玩牛被鹿屏,男,0,49,湖南,回复@请问您要来一份担担面吗:睡杀流成员,1,2025-03-04 18:17:56,子评论,5140536479712339
5140539038241653,网恋玩牛被鹿屏,男,0,49,湖南,回复@请问您要来一份担担面吗:睡杀流成员,1,2025-03-04 18:17:56,根评论,5140539038241653
5140538808074842,谁是那个双面镜,女,0,24,广东,看来🍌姐可能真是限定（,4,2025-03-04 18:17:00,根评论,5140538808074842
5140538748569270,潇_最最最喜欢miyu,男,0,399,上海,你游本来就不患寡患不均，还要这样安排吗？,7,2025-03-04 18:16:47,根评论,5140538748569270
5140538688805336,河边榖,女,0,20,天津,好高级的pv,1,2025-03-04 18:16:33,根评论,5140538688805336
5140538496389171,Hana_Sakacha,女,0,61,四川,回复@降智僵宝:首先你说的物料越来越丰富这件事发生了吗？维娜出来有pv我以为至少六异六能有动画和pv吧结果棘刺又没有，现在香蕉有新pv我催yj提升产能给后面的新角色都至少保持有这个pv有问题吗？[困]我又没让它真给老六星补pv咋就心疼上yj了，而且就算真补了又咋了不用做新配乐也不用画新图的pv，又没让补重力井动画,34,2025-03-04 18:15:47,子评论,5140535914008676
5140538496389171,Hana_Sakacha,女,0,61,四川,回复@降智僵宝:首先你说的物料越来越丰富这件事发生了吗？维娜出来有pv我以为至少六异六能有动画和pv吧结果棘刺又没有，现在香蕉有新pv我催yj提升产能给后面的新角色都至少保持有这个pv有问题吗？[困]我又没让它真给老六星补pv咋就心疼上yj了，而且就算真补了又咋了不用做新配乐也不用画新图的pv，又没让补重力井动画,34,2025-03-04 18:15:47,根评论,5140538496389171
5140538291128939,泠隅,女,0,7,广西,以后每个六星都能有这待遇吗yj,6,2025-03-04 18:14:58,根评论,5140538291128939
5140538236341327,此良夜不可去,女,0,977,北京,妈的如果没有大杯上老子真的会扇你,22,2025-03-04 18:14:45,根评论,5140538236341327
5140538115231287,kageuta,女,0,54,山西,呃，谨慎不看好,0,2025-03-04 18:14:16,根评论,5140538115231287
5140538114441755,司命乱红尘,女,0,5,山东,带小羊干什么？[疑问],7,2025-03-04 18:14:15,根评论,5140538114441755
5140538043926506,百浪多息2,女,0,2,江西,回复@錆青磁mio:感觉有超大下吧，睡眠还合约有梦,1,2025-03-04 18:13:59,子评论,5140532808647665
5140538043926506,百浪多息2,女,0,2,江西,回复@錆青磁mio:感觉有超大下吧，睡眠还合约有梦,1,2025-03-04 18:13:59,根评论,5140538043926506
5140537918097496,薪水Ciallo,男,0,179,山东,不是哥们，你什么杯级，这待遇？,22,2025-03-04 18:13:29,根评论,5140537918097496
5140537746657531,SanaeDekomori,男,0,94,广东,第一句语音开头裁剪太多了[允悲],1,2025-03-04 18:12:48,根评论,5140537746657531
5140537742464038,潜行小狼RW,女,0,99,福建,怎么不把海猫叫过来念文案,8,2025-03-04 18:12:47,根评论,5140537742464038
5140537721755333,丶寒殇丶,男,0,23,广东,香蕉姐超大杯,0,2025-03-04 18:12:42,根评论,5140537721755333
5140537663035070,一只雷狗子ASD,男,0,825,安徽,[抱一抱][抱一抱][抱一抱],0,2025-03-04 18:12:28,根评论,5140537663035070
5140537502339722,降智僵宝,男,0,9900,上海,回复@Hana_Sakacha:不是 按道理来说这些物料是越来越丰富的吧，总不能以后更新啥都要把之前的一百多个六星都带上[哆啦A梦害怕],46,2025-03-04 18:11:50,子评论,5140535914008676
5140537502339722,降智僵宝,男,0,9900,上海,回复@Hana_Sakacha:不是 按道理来说这些物料是越来越丰富的吧，总不能以后更新啥都要把之前的一百多个六星都带上[哆啦A梦害怕],46,2025-03-04 18:11:50,根评论,5140537502339722
5140537184882760,Jerry是一颗海胆,男,0,81,宁夏,回复@錆青磁mio:二技能沉睡硬控十几秒能对上霞光的轴；三技能真群攻法伤，未必不强，主要是二技能碰上合适的合约就起飞了,2,2025-03-04 18:10:34,子评论,5140532808647665
5140537184882760,Jerry是一颗海胆,男,0,81,宁夏,回复@錆青磁mio:二技能沉睡硬控十几秒能对上霞光的轴；三技能真群攻法伤，未必不强，主要是二技能碰上合适的合约就起飞了,2,2025-03-04 18:10:34,根评论,5140537184882760
5140536865325218,XXX·Alter,女,0,180,北京,还有这个栏目[给力],1,2025-03-04 18:09:17,根评论,5140536865325218
5140536811063289,隐于银色深海的空白书页,女,0,52,陕西,合成大仆役,1,2025-03-04 18:09:05,根评论,5140536811063289
5140536744476697,Jerry是一颗海胆,男,0,81,宁夏,回复@我键未尝不利:人家20费解决一切，令大龙要费还有部署位,4,2025-03-04 18:08:48,子评论,5140533085213298
5140536744476697,Jerry是一颗海胆,男,0,81,宁夏,回复@我键未尝不利:人家20费解决一切，令大龙要费还有部署位,4,2025-03-04 18:08:48,根评论,5140536744476697
5140536659545222,CosmicCloud,女,0,93235,陕西,接香蕉超大杯,1,2025-03-04 18:08:29,根评论,5140536659545222
5140536479712339,请问您要来一份担担面吗,女,0,12,四川,以本人超小杯理解，伤害一般般但睡眠有梦，具体等数值佬excel[给力],5,2025-03-04 18:07:46,根评论,5140536479712339
5140536478402610,happyRoulette_,女,0,3,河南,。。。以后大家可以都拥有吗,9,2025-03-04 18:07:46,根评论,5140536478402610
5140536379575940,AAA永远亭兔子批发,女,0,16,江苏,回复@AAA永远亭兔子批发:你的二章主线到底改了多少啊,15,2025-03-04 18:07:22,子评论,5140535908766404
5140536379575940,AAA永远亭兔子批发,女,0,16,江苏,回复@AAA永远亭兔子批发:你的二章主线到底改了多少啊,15,2025-03-04 18:07:22,根评论,5140536379575940
5140536370927231,Jerry是一颗海胆,男,0,81,宁夏,回复@初音小昊未来:说实话光二技能一个沉睡就薄纱隐德莱希了[彩虹屁]香蕉姐未必不强,5,2025-03-04 18:07:20,子评论,5140535443984249
5140536370927231,Jerry是一颗海胆,男,0,81,宁夏,回复@初音小昊未来:说实话光二技能一个沉睡就薄纱隐德莱希了[彩虹屁]香蕉姐未必不强,5,2025-03-04 18:07:20,根评论,5140536370927231
5140536340515835,Robininomi,女,0,238,四川,不用占部署位的令姐？,6,2025-03-04 18:07:13,根评论,5140536340515835
5140536261346432,池水南,男,0,13,四川,小仆役合成三星大仆役,9,2025-03-04 18:06:53,根评论,5140536261346432
5140536227529241,碌无石,女,0,7,福建,三技能那个一人成军，你确定吗[跪了],4,2025-03-04 18:06:45,根评论,5140536227529241
5140536210231989,她所见的每一个无辜之人,女,0,32,北京,回复@錆青磁mio:我也觉得[泪],0,2025-03-04 18:06:42,子评论,5140532808647665
5140536210231989,她所见的每一个无辜之人,女,0,32,北京,回复@錆青磁mio:我也觉得[泪],0,2025-03-04 18:06:42,根评论,5140536210231989
5140536126606351,不存在的街蹲人,女,0,15,广东,法师令？,3,2025-03-04 18:06:22,根评论,5140536126606351
5140536117952720,还是我的爱猫不,男,0,23,内蒙古,桀桀桀，你也有主推角色了吗,1,2025-03-04 18:06:19,根评论,5140536117952720
5140535983735790,墨契2号,男,0,128,江苏,一人成军[good],1,2025-03-04 18:05:48,根评论,5140535983735790
5140535914008676,Hana_Sakacha,女,0,61,四川,你游的产能甚至做不到端水给每个六星都出一个这样的pv[笑哈哈][笑哈哈]有时候真不知道钱充哪里去了，大把新角色出了就查无此人，给六星人人都做个场外小物料能怎样？,79,2025-03-04 18:05:31,根评论,5140535914008676
5140535908766404,AAA永远亭兔子批发,女,0,16,江苏,看起来曾经想过把🍌做成限定,66,2025-03-04 18:05:30,根评论,5140535908766404
5140535792112293,黄油辣酱冰激凌,男,0,892,湖南,明日方舟你是真的糊了,1,2025-03-04 18:05:02,根评论,5140535792112293
5140535518170628,45545555jjj,男,0,41,广东,回复@我键未尝不利:令要36费和部署位，这个召唤物还能进化,11,2025-03-04 18:03:57,子评论,5140533085213298
5140535518170628,45545555jjj,男,0,41,广东,回复@我键未尝不利:令要36费和部署位，这个召唤物还能进化,11,2025-03-04 18:03:57,根评论,5140535518170628
5140535443984249,初音小昊未来,女,0,12922,湖北,？你搞这种东西结果最后强度成了二号隐隐不就招笑了吗,5,2025-03-04 18:03:39,根评论,5140535443984249
5140535053648691,-水薄荷-,女,0,75,广东,[哆啦A梦害怕]还有演示啊,1,2025-03-04 18:02:05,根评论,5140535053648691
5140534998340244,Harumate,女,0,30,北京,感觉伤害有点[微笑],3,2025-03-04 18:01:53,根评论,5140534998340244
5140534892957432,一生煎包,男,0,799,江苏,纳尼[哆啦A梦吃惊],0,2025-03-04 18:01:28,根评论,5140534892957432
5140534697136280,AAA训鸦鸦大师小墙,女,0,57,重庆,纳尼居然是这种,0,2025-03-04 18:00:41,根评论,5140534697136280
5140534474049209,新昆仑掌管快慢刀的神,女,0,135,福建,回复@幼闪的逼:这个伤害实在不高啊，感觉是给合约垫永控梦的,0,2025-03-04 17:59:48,子评论,5140534226845805
5140534474049209,新昆仑掌管快慢刀的神,女,0,135,福建,回复@幼闪的逼:这个伤害实在不高啊，感觉是给合约垫永控梦的,0,2025-03-04 17:59:48,根评论,5140534474049209
5140534424241451,没关系一定可以的,男,0,28,江苏,你竟然还有小视频？！真进化了啊[傻眼],2,2025-03-04 17:59:36,根评论,5140534424241451
5140534340618412,_Mackerel_,女,0,3,英国,饼学大厦分崩离析,4,2025-03-04 17:59:16,根评论,5140534340618412
5140534293958084,尺八_neverenough,女,0,252,上海,看不懂 送一个让我玩[抓狂],0,2025-03-04 17:59:05,根评论,5140534293958084
5140534150826552,愿心如是_无虑自芳,女,0,190,北京,确实应该出技能展示视频，这样玩法更直观,1,2025-03-04 17:58:31,根评论,5140534150826552
5140534130118116,荧光绿达咩,男,0,15,江苏,许愿超大杯🙏美丽的姐美丽的特效美丽的强度好吗好的,0,2025-03-04 17:58:26,根评论,5140534130118116
5140534118580770,与你编织的愿望,女,0,115,河南,回复@明天我能醒来吗:可以可以，做法一下,0,2025-03-04 17:58:22,子评论,5140532113182192
5140534118580770,与你编织的愿望,女,0,115,河南,回复@明天我能醒来吗:可以可以，做法一下,0,2025-03-04 17:58:22,根评论,5140534118580770
5140534075591718,Syflich,女,0,35,上海,爱姐语音好好听。。。,1,2025-03-04 17:58:13,根评论,5140534075591718
5140534016872152,-挽歌燃烧殆尽-,女,0,10983,上海,这么漂亮的红龙，这么大的排场，一定是超大杯对吧🥺,0,2025-03-04 17:57:59,根评论,5140534016872152
5140534001139854,今天又该驶向何方,女,0,104,广东,回复@与你编织的愿望:动态皮什么时候端上来[右哼哼][笑哈哈],0,2025-03-04 17:57:54,子评论,5140532113182192
5140534001139854,今天又该驶向何方,女,0,104,广东,回复@与你编织的愿望:动态皮什么时候端上来[右哼哼][笑哈哈],0,2025-03-04 17:57:54,根评论,5140534001139854
5140533606351033,泰迪熊_2121,男,0,0,江苏,目前看技能机制不咋滴呀,2,2025-03-04 17:56:20,根评论,5140533606351033
5140533598226970,火锅街最high的崽,女,0,139,辽宁,回复@REDETCY:术士干上召唤的活了【辅助：？,0,2025-03-04 17:56:19,子评论,5140530809013171
5140533598226970,火锅街最high的崽,女,0,139,辽宁,回复@REDETCY:术士干上召唤的活了【辅助：？,0,2025-03-04 17:56:19,根评论,5140533598226970
5140533468468631,娜LCYBIGLUCKY,女,0,0,河南,回复@Nanami早点睡:我也以为夕的特限能合成[允悲],0,2025-03-04 17:55:48,子评论,5140532079362790
5140533468468631,娜LCYBIGLUCKY,女,0,0,河南,回复@Nanami早点睡:我也以为夕的特限能合成[允悲],0,2025-03-04 17:55:48,根评论,5140533468468631
5140533454573857,nanepodor,男,0,46,四川,肉鸽感觉能用…但数值完全不乐观,1,2025-03-04 17:55:45,根评论,5140533454573857
5140533408695177,合眼匍匐入梦乡,女,0,5,浙江,技能演示给这么小的屏幕占比[微笑]你没有自己的立绘展示环节吗我是来看大数字的[微笑],8,2025-03-04 17:55:34,根评论,5140533408695177
5140533362820931,太宰赤一,女,0,48,河北,1w2血1k1防御2k攻20法抗还挡4[哆啦A梦微笑]原地召唤星熊,30,2025-03-04 17:55:23,根评论,5140533362820931
5140533362562066,Robininomi,女,0,238,四川,好高级的视频，以后六星都会有吗[憧憬],0,2025-03-04 17:55:23,根评论,5140533362562066
5140533349450198,夜鸦鵼,男,0,70,广东,虐菜都玩不明白？,0,2025-03-04 17:55:19,根评论,5140533349450198
5140533329006421,牙牙牙呀土豆,女,0,177,山东,回复@牙牙牙呀土豆:二技能睡眠时长看起来还行,0,2025-03-04 17:55:15,子评论,5140533236991773
5140533329006421,牙牙牙呀土豆,女,0,177,山东,回复@牙牙牙呀土豆:二技能睡眠时长看起来还行,0,2025-03-04 17:55:15,根评论,5140533329006421
5140533278413570,他山冷袖,男,0,120,广西,[思考]感觉弊端会和夕一样捏,0,2025-03-04 17:55:03,根评论,5140533278413570
5140533236991773,牙牙牙呀土豆,女,0,177,山东,以后每个六都有吗这是,1,2025-03-04 17:54:52,根评论,5140533236991773
5140533187707174,Jerry是一颗海胆,男,0,81,宁夏,术特守线是不是有希望了[泪],0,2025-03-04 17:54:40,根评论,5140533187707174
5140533098841678,ForTheGloryAndTheAmbition,男,0,54,上海,应该是技能机制略复杂，动图展示不出来，只好发视频了,5,2025-03-04 17:54:20,根评论,5140533098841678
5140533085213298,我键未尝不利,男,0,29,山东,感觉不如令的大龙，还能随便放,9,2025-03-04 17:54:17,根评论,5140533085213298
5140533078398938,与你编织的愿望,女,0,115,河南,回复@明天我能醒来吗:老姐值得[坏笑],0,2025-03-04 17:54:15,子评论,5140532113182192
5140533078398938,与你编织的愿望,女,0,115,河南,回复@明天我能醒来吗:老姐值得[坏笑],0,2025-03-04 17:54:15,根评论,5140533078398938
5140532976421110,吉祥拉米,男,0,8,广东,回复@錆青磁mio:我也觉得、,0,2025-03-04 17:53:51,子评论,5140532808647665
5140532976421110,吉祥拉米,男,0,8,广东,回复@錆青磁mio:我也觉得、,0,2025-03-04 17:53:51,根评论,5140532976421110
5140532956234963,昭昭辽辽,女,0,112,广东,好强啊,0,2025-03-04 17:53:46,根评论,5140532956234963
5140532909048342,REDETCY,女,0,127,广东,回复@鱼生人生:祖宗那个虽然有技力条，但是更接近于平A吧，技力条没满的情况下都无法攻击，爱姐的召唤物是有平A/技能攻击的区分的，技能攻击的范围比平A更长,3,2025-03-04 17:53:34,子评论,5140530809013171
5140532909048342,REDETCY,女,0,127,广东,回复@鱼生人生:祖宗那个虽然有技力条，但是更接近于平A吧，技力条没满的情况下都无法攻击，爱姐的召唤物是有平A/技能攻击的区分的，技能攻击的范围比平A更长,3,2025-03-04 17:53:34,根评论,5140532909048342
5140532889653625,Colorslalala,男,0,7,安徽,那这是能挡几,0,2025-03-04 17:53:30,根评论,5140532889653625
5140532860030559,PlsDONTLookAtME-,男,0,28,广东,是不是技能太复杂了 直接上视频演示一下,0,2025-03-04 17:53:23,根评论,5140532860030559
5140532808647665,錆青磁mio,女,0,173,北京,为什么看起来强度寄寄的（如果不是的话那算我小杯理解…）,15,2025-03-04 17:53:10,根评论,5140532808647665
5140532746782147,天是绿的草是蓝的,女,0,34,广西,肉鸽里能把令踢了用她替换吗？,1,2025-03-04 17:52:56,根评论,5140532746782147
5140532625411429,何谓味道,女,0,118,四川,确认过眼神[ok]是我不会玩的干员,0,2025-03-04 17:52:27,根评论,5140532625411429
5140532590545419,火锅街最high的崽,女,0,139,辽宁,这是以后新干员都有的待遇吗[哆啦A梦害怕]这么详细的解释啊,0,2025-03-04 17:52:19,根评论,5140532590545419
5140532579011313,小镜兔子,女,0,19,广东,粗略看了一下感觉会很好玩，还有你的这视频是不是太糊了[淡淡的],2,2025-03-04 17:52:16,根评论,5140532579011313
5140532540739132,今天又该驶向何方,女,0,104,广东,回复@与你编织的愿望:上一次这样展示技能还是限定直播吧我靠[阴险],0,2025-03-04 17:52:07,子评论,5140532113182192
5140532540739132,今天又该驶向何方,女,0,104,广东,回复@与你编织的愿望:上一次这样展示技能还是限定直播吧我靠[阴险],0,2025-03-04 17:52:07,根评论,5140532540739132
5140532486212503,远洋山竹捕捞队,女,0,112,广东,晕晕,0,2025-03-04 17:51:54,根评论,5140532486212503
5140532466029400,Phantomholic,女,0,3,广东,发生什么事了，明日方舟你能告诉我吗,3,2025-03-04 17:51:49,根评论,5140532466029400
5140532399178058,UNDO骨次方,女,0,181,广西,感觉二技能不太团队，要是造成晕眩就好了,1,2025-03-04 17:51:32,根评论,5140532399178058
5140532347801144,我是否清醒,男,0,36,山东,总感觉少了点什么[思考][思考][思考] …… 是海猫和黑桥的“激情”解说[允悲][允悲][允悲],43,2025-03-04 17:51:21,根评论,5140532347801144
5140532343869170,海风海浪小海螺,男,0,51,广东,这个好玩，我要玩,0,2025-03-04 17:51:20,根评论,5140532343869170
5140532326566094,何處棲-,男,0,22,广东,又是个清杂的吗,0,2025-03-04 17:51:16,根评论,5140532326566094
5140532288554786,拿着黑暗剑的狗头jk,女,0,1,广东,两个天赋都有效已经赢太多了！ http://t.cn/A61g2IiA,207,2025-03-04 17:51:07,根评论,5140532288554786
5140532227215020,每天吃十盒荣源养生丸,男,0,156,浙江,我想看2d小人,0,2025-03-04 17:50:52,根评论,5140532227215020
5140532213059320,用户6621369082,女,0,0,广东,转发微博,0,2025-03-04 17:50:49,根评论,5140532213059320
5140532197329664,小余厨,女,0,32,广东,做法超大杯,2,2025-03-04 17:50:45,根评论,5140532197329664
5140532196019355,柒月筚发,男,0,285,广东,emmm我知道你的立绘很美。但是你这是要演示技能吧。就那么点画面大小合适吗[跪了],9,2025-03-04 17:50:45,根评论,5140532196019355
5140532188680681,栎辰和她的喵,女,0,590,山东,回复@栎辰和她的喵:以及中配日配都加上,2,2025-03-04 17:50:43,子评论,5140532000196008
5140532188680681,栎辰和她的喵,女,0,590,山东,回复@栎辰和她的喵:以及中配日配都加上,2,2025-03-04 17:50:43,根评论,5140532188680681
5140532181076564,入梦安然喵,女,0,0,浙江,论香蕉姐技能机制有多复杂，请看VCR——,80,2025-03-04 17:50:41,根评论,5140532181076564
5140532160104422,小筠OoOoooo,女,0,365,江苏,这么潮了[傻眼]有仆役的姐姐果然不一样,8,2025-03-04 17:50:36,根评论,5140532160104422
5140532150141355,白毛灰瞳兜帽人厨,女,0,15,湖南,姐这么有排面[给力],1,2025-03-04 17:50:33,根评论,5140532150141355
5140532138611713,聪明的我在互联网上像个弱智,男,0,525,广东,必须拿下[good] http://t.cn/A61g2bCq,21,2025-03-04 17:50:31,根评论,5140532138611713
5140532130744637,青团子爱吃豆花饭,女,0,27,山西,啊？,0,2025-03-04 17:50:29,根评论,5140532130744637
5140532130220204,嗟古,男,0,24,湖南,卧槽，排面好大,1,2025-03-04 17:50:29,根评论,5140532130220204
5140532116324869,樱桃沟9981,男,0,4,云南,香蕉待遇还真好啊[doge]，不知道以后的六星都会有这样的展示，还是就他一个呢，这感觉就颇有一种，“别吵了别叫了，不是要看香蕉吗？我马上就发，我三个技能一块说两个天赋一块发”,0,2025-03-04 17:50:25,根评论,5140532116324869
5140532113182192,与你编织的愿望,女,0,115,河南,@明天我能醒来吗 我姐排面拉满,0,2025-03-04 17:50:25,根评论,5140532113182192
5140532105315203,思ink-,女,0,3,山东,啊这是什么,0,2025-03-04 17:50:22,根评论,5140532105315203
5140532087230103,metlle,女,0,9,上海,好花里胡哨,0,2025-03-04 17:50:19,根评论,5140532087230103
5140532079362790,Nanami早点睡,女,0,121,北京,其实这是我想象中合成大夕瓜的技能[允悲][允悲],92,2025-03-04 17:50:16,根评论,5140532079362790
5140532071502097,风水戴大师行不更名不行就改姓,女,0,438,北京,姐我好爱[舔屏],0,2025-03-04 17:50:15,根评论,5140532071502097
5140532065994347,箴言于六月,女,0,21,湖南,以后新干员的技能演示都是这个了吗,0,2025-03-04 17:50:14,根评论,5140532065994347
5140532059439128,清水薰薰子绝赞up中,女,0,5875,北京,这又是什么玩意？以后新六星干员介绍都可以拥有视频了嘛,5,2025-03-04 17:50:11,根评论,5140532059439128
5140532036635651,kiUTon,女,0,127,重庆,？,0,2025-03-04 17:50:07,根评论,5140532036635651
5140532004393102,Larga_paz,女,0,6,安徽,不太方便看啊。。。咱能先发图吗[疑问],0,2025-03-04 17:49:59,根评论,5140532004393102
5140532000196008,栎辰和她的喵,女,0,590,山东,把你之前的都补上，谢谢,10,2025-03-04 17:49:58,根评论,5140532000196008
5140531962973568,鱼生人生,男,0,0,北京,回复@火龙果的红色:祖宗不算么,1,2025-03-04 17:49:49,子评论,5140530809013171
5140531962973568,鱼生人生,男,0,0,北京,回复@火龙果的红色:祖宗不算么,1,2025-03-04 17:49:49,根评论,5140531962973568
5140531961662333,四分之一开水加冰,女,0,125,广西,啊？,0,2025-03-04 17:49:49,根评论,5140531961662333
5140531953797866,电子早餐,女,0,62,四川,yj怕你发饼看不懂设计师要干嘛干脆直接出视频吗[老师好]那很有生活了,11,2025-03-04 17:49:47,根评论,5140531953797866
5140531940163822,一篮子芋圆波波,女,0,145,上海,可以可以小爱的大pv[羞嗒嗒][羞嗒嗒][羞嗒嗒],0,2025-03-04 17:49:43,根评论,5140531940163822
5140531912383445,Vicloud_13,男,0,299,广东,新口味的饼，以后有福了,2,2025-03-04 17:49:37,根评论,5140531912383445
5140531852610059,不与夏虫语冰_箱,男,0,5,江苏,窝趣？！专属？？？？,0,2025-03-04 17:49:23,根评论,5140531852610059
5140531836879997,吃早餐陈住气,男,0,207,四川,不得不说爱姐技能组很有设计感，看起来可玩性是真高啊[开学季],6,2025-03-04 17:49:18,根评论,5140531836879997
5140531814598228,异龛旧部诗人,男,0,1,广东,低压的图爱姐带个1技能也可以cos一下摆完挂机了[赞],69,2025-03-04 17:49:14,根评论,5140531814598228
5140531811189042,帝江_DiJiang,男,0,238,山东,？老花眼了,0,2025-03-04 17:49:12,根评论,5140531811189042
5140531810665816,红糖姜茶1123,女,0,25,河北,虽然有新展示PV很好，但是能不能先发干员介绍🏳️,6,2025-03-04 17:49:13,根评论,5140531810665816
5140531789955105,藏不住的清风,女,0,10,湖南,沉睡时间好长啊应该还能对空吧🤔,62,2025-03-04 17:49:07,根评论,5140531789955105
5140531747226579,重生之已老实,女,0,1,江苏,啊？,0,2025-03-04 17:48:58,根评论,5140531747226579
5140531744342802,怎么想都是我的错啊,女,0,57,安徽,看不懂，谁脑测一下,1,2025-03-04 17:48:56,根评论,5140531744342802
5140531726517262,煻箱,女,0,118,天津,啊？,0,2025-03-04 17:48:53,根评论,5140531726517262
5140531684574955,儿等速速跪下,男,0,0,河南,这强度  看上去只能虐菜  隐隐位预定好了,15,2025-03-04 17:48:43,根评论,5140531684574955
5140531635557573,Tsukimi酒,女,0,4,湖南,我嘞个姐妹同款连环爆 http://t.cn/A61gAE4i,344,2025-03-04 17:48:31,根评论,5140531635557573
5140531626641328,新建文本文档TxT,男,0,151,广东,技能介绍升级了嘿,0,2025-03-04 17:48:29,根评论,5140531626641328
5140531609075969,虚拟大学生小王,男,0,8,辽宁,你最好是以后每个干员都有这个视频[怒],335,2025-03-04 17:48:24,根评论,5140531609075969
5140531584698610,涟城Sybil,女,0,54,辽宁,打起精神来！打起精神来！,0,2025-03-04 17:48:19,根评论,5140531584698610
5140531571855632,伊森温特泡,男,0,2175,四川,手机看小字差点没累死,7,2025-03-04 17:48:16,根评论,5140531571855632
5140531560321682,星宸何予乐Y,男,0,136,江苏,有直播现场的感觉了,0,2025-03-04 17:48:13,根评论,5140531560321682
5140531543281323,薛知意,女,0,165,湖北,滚……,0,2025-03-04 17:48:09,根评论,5140531543281323
5140531543019691,澄闪一般兵,男,0,247,湖南,加强版缪尔塞斯,0,2025-03-04 17:48:09,根评论,5140531543019691
5140531534631143,白葬爆炸了,女,0,274,内蒙古,居然还有睡眠机制吗,0,2025-03-04 17:48:07,根评论,5140531534631143
5140531534364832,薯来薯往xh,男,0,26,广东,还得是视频演示，这下都看懂了[开学季],70,2025-03-04 17:48:06,根评论,5140531534364832
5140531525976274,暮野逝川,女,0,24,北京,我靠一眼超大杯,2,2025-03-04 17:48:04,根评论,5140531525976274
5140531513395738,片喰二丁目,女,0,257,美国,？,0,2025-03-04 17:48:02,根评论,5140531513395738
5140531509198957,碎米桠_一种植物,女,0,20,湖北,[哆啦A梦害怕][哆啦A梦害怕][哆啦A梦害怕],0,2025-03-04 17:48:00,根评论,5140531509198957
5140531501339187,夏菲菲喵,男,0,2,上海,正义的群殴永不过时[666] http://t.cn/A61gAlUh,185,2025-03-04 17:47:59,根评论,5140531501339187
5140531488229306,久老师不吃韭菜,女,0,174,上海,哇塞,0,2025-03-04 17:47:56,根评论,5140531488229306
5140531484034089,谢谢你替我照顾莱昂,女,0,98,重庆,？？？,1,2025-03-04 17:47:55,根评论,5140531484034089
5140531475910608,脆脆薯条__,女,0,22,福建,这是什么操作,0,2025-03-04 17:47:53,根评论,5140531475910608
5140531442879842,凤梨崽Zz,男,0,300,宁夏,以后都是这个标准了吗,0,2025-03-04 17:47:45,根评论,5140531442879842
5140531442355901,被披被被,女,0,3,上海,你们以为自己视频清晰度很高吗？小字谁看得清啊？？[哆啦A梦害怕],7,2025-03-04 17:47:45,根评论,5140531442355901
5140531433443358,没有名字一时兴起注册的,男,0,53,上海,？我漏蹲饼了？？,2,2025-03-04 17:47:43,根评论,5140531433443358
5140531417191071,铃鹿御前的小弟,女,0,8,浙江,我的妈呀大杯演示视频,1,2025-03-04 17:47:39,根评论,5140531417191071
5140531404870140,阿泉不爱笑,男,0,5,浙江,看完更加期待爱布拉娜了，希望能为肉鸽提供新玩法[航天员],79,2025-03-04 17:47:36,根评论,5140531404870140
5140531390710102,Crownslayer丶,女,0,9,山东,一定要用这么麻烦你我他的介绍方式吗,0,2025-03-04 17:47:32,根评论,5140531390710102
5140531375509041,three金散,女,0,19,湖北,怎么还有这种动画小视频，之前有过吗？,0,2025-03-04 17:47:29,根评论,5140531375509041
5140531361351898,玛布露,女,0,1,广东,爱布拉娜：你的部下有来无回，我的仆役取之不尽😈,134,2025-03-04 17:47:26,根评论,5140531361351898
5140531358731308,春池漫舟,女,0,99,河南,妈呀大杯，夕宝错在生的太早,2,2025-03-04 17:47:25,根评论,5140531358731308
5140531340641183,九尾小米,女,0,2,四川,《重生之我在方舟玩合成大仆役》,214,2025-03-04 17:47:21,根评论,5140531340641183
5140531332255111,tfckiyfhjresap,女,0,3,河北,大杯！,0,2025-03-04 17:47:19,根评论,5140531332255111
5140531324917663,请叫我生僻字w,女,0,30,四川,突破底层代码了？以后的角色都要有哈[开学季][开学季][开学季],2,2025-03-04 17:47:17,根评论,5140531324917663
5140531320985455,风箱中的战斗箱,男,0,32,湖北,刺激[哆啦A梦吃惊],0,2025-03-04 17:47:16,根评论,5140531320985455
5140531312596392,海浪迁徙,女,0,1581,广东,这技能我感觉至少看见了五个人的影子,23,2025-03-04 17:47:14,根评论,5140531312596392
5140531279038458,橡子松露萃取物,男,0,27,重庆,我的天肉鸽大神[悲伤],0,2025-03-04 17:47:06,根评论,5140531279038458
5140531257017391,直至死亡亦歸於永眠,女,0,242,广东,卧槽是以后六星都这待遇吗[给力][给力]是的话提前感谢姐开的好头,1,2025-03-04 17:47:01,根评论,5140531257017391
5140531232379161,九忻丶,女,0,0,广东,你都发展示pv了直接把图发出来不好吗[疑问]这都能分开两天发？,1,2025-03-04 17:46:55,根评论,5140531232379161
5140531211670217,Eterlaze,女,0,19,福建,？,0,2025-03-04 17:46:50,根评论,5140531211670217
5140531182043524,何處棲-,男,0,22,广东,？,0,2025-03-04 17:46:42,根评论,5140531182043524
5140531173394979,LLLesley_霜,男,0,76,河北,？整这么高级的呢,0,2025-03-04 17:46:41,根评论,5140531173394979
5140531169460621,纸折猫头鹰,女,0,27,江苏,？这整了个啥,1,2025-03-04 17:46:39,根评论,5140531169460621
5140531157140039,Bluish_KK,女,0,14,河南,干员都还没发先发了技能展示？,114,2025-03-04 17:46:36,根评论,5140531157140039
5140531156355206,睡到天黑就起床,女,0,580,福建,超大杯好吗？都做到这个份上了,0,2025-03-04 17:46:37,根评论,5140531156355206
5140531151634930,Nidhoog7,男,0,1319,江苏,现在都这么高端,0,2025-03-04 17:46:35,根评论,5140531151634930
5140531131188221,颓唐无恙,女,0,13,北京,以后都会有的吧鹰角,6,2025-03-04 17:46:31,根评论,5140531131188221
5140531115722475,美知瑠见子,女,0,3,广东,姐姐[抱一抱],0,2025-03-04 17:46:27,根评论,5140531115722475
5140531114151963,frewendy,女,0,65,浙江,回复@frewendy:@明日方舟Arknights @明日方舟朝陇山,0,2025-03-04 17:46:27,子评论,5140530994089740
5140531114151963,frewendy,女,0,65,浙江,回复@frewendy:@明日方舟Arknights @明日方舟朝陇山,0,2025-03-04 17:46:27,根评论,5140531114151963
5140531106548664,狂暴m3组长,女,0,22,山东,？,0,2025-03-04 17:46:25,根评论,5140531106548664
5140531101828840,maybe哗啦啦啦,女,0,65,湖南,以后的新干员都有这个待遇好吗好的,76,2025-03-04 17:46:24,根评论,5140531101828840
5140531085579362,我推十四岁,女,0,37,广东,好,0,2025-03-04 17:46:20,根评论,5140531085579362
5140531077190426,疼老婆爱老婆会发达_,女,0,37,安徽,这是？,0,2025-03-04 17:46:18,根评论,5140531077190426
5140531072732307,缘起婲開,女,0,22,重庆,你的下一个地面抗伤又何必是重装[奥姆],59,2025-03-04 17:46:17,根评论,5140531072732307
5140531069586552,frewendy,女,0,65,浙江,回复@frewendy:既然如此能不能解决一下隔壁周边的问题[爱你][爱你],13,2025-03-04 17:46:16,子评论,5140530994089740
5140531069586552,frewendy,女,0,65,浙江,回复@frewendy:既然如此能不能解决一下隔壁周边的问题[爱你][爱你],13,2025-03-04 17:46:16,根评论,5140531069586552
5140531059360469,颓唐无恙,女,0,13,北京,不是  我有点看不懂,2,2025-03-04 17:46:14,根评论,5140531059360469
5140531051237927,群星见我,女,0,35,湖北,这又是什么种类的新视频？[哆啦A梦吃惊],406,2025-03-04 17:46:12,根评论,5140531051237927
5140531039440543,幽花舞,女,0,9,贵州,死芒爱姐，苇草是你的妹[色],0,2025-03-04 17:46:09,根评论,5140531039440543
5140531039174692,事已至此先活着再说,女,0,53,河北,。。。。,0,2025-03-04 17:46:08,根评论,5140531039174692
5140531034458683,自自然然休止符,女,0,7,内蒙古,哇塞还有这种[疑问],0,2025-03-04 17:46:08,根评论,5140531034458683
5140531023446952,桜九时,女,0,11453,广东,我去，没见过的新物料,31,2025-03-04 17:46:05,根评论,5140531023446952
5140531010604153,左熙洲,男,0,0,陕西,[doge][doge][doge],0,2025-03-04 17:46:02,根评论,5140531010604153
5140531009555638,DearDeer的Reed,女,0,224,浙江,这啥，之前有这个吗,0,2025-03-04 17:46:02,根评论,5140531009555638
5140530997234687,南风北起丶,女,0,22,广东,皇族实锤！,0,2025-03-04 17:45:59,根评论,5140530997234687
5140530994089740,frewendy,女,0,65,浙江,看来你很满意你的设计,57,2025-03-04 17:45:58,根评论,5140530994089740
5140530993039942,示木洛望JikiRakubou,男,0,663,安徽,官方代号让所有同人称号哑口无言的经典,25,2025-03-04 17:45:58,根评论,5140530993039942
5140530989895138,闭关修炼中201812,女,0,9,广东,啊？,0,2025-03-04 17:45:57,根评论,5140530989895138
5140530984125427,遇到困难不要怕微笑着逃避它,女,0,22,江苏,没有爱香蕉谁还会宠缺费少人的我[苦涩],83,2025-03-04 17:45:55,根评论,5140530984125427
5140530972855250,路西菲尔er丶,男,0,59,上海,？,0,2025-03-04 17:45:53,根评论,5140530972855250
5140530972853067,婆媳弟殴,男,0,24,贵州,[吃惊],0,2025-03-04 17:45:52,根评论,5140530972853067
5140530964203644,超雄小猫不会梦到剑心通明,男,0,150,河南,这是？,0,2025-03-04 17:45:51,根评论,5140530964203644
5140530963679259,来自长安的枫,女,0,64,江苏,怎么香蕉姐还有自己的视频啊,0,2025-03-04 17:45:51,根评论,5140530963679259
5140530963153913,怎么昵称不让过啊,女,0,20,重庆,以前那种技能预览也会发的对吗,0,2025-03-04 17:45:50,根评论,5140530963153913
5140530959486898,白葬爆炸了,女,0,274,内蒙古,这是？,0,2025-03-04 17:45:50,根评论,5140530959486898
5140530929861402,炸叽萝卜,男,0,349,浙江,窝趣这个待遇,0,2025-03-04 17:45:42,根评论,5140530929861402
5140530922524963,蓝发红瞳小龙厨_,女,0,384,江苏,这么皇！,1,2025-03-04 17:45:41,根评论,5140530922524963
5140530921998897,海风水生调,女,0,237,天津,这是什么？以后都要这样介绍了吗,0,2025-03-04 17:45:41,根评论,5140530921998897
5140530912559441,今天焕焕焕焕焕焕焕然一新,女,0,1021,湖北,啊,0,2025-03-04 17:45:38,根评论,5140530912559441
5140530908367012,可是那里只剩下一颗小尘埃,男,0,2,湖南,啊，还有专门的pv展示，香蕉姐好大排面,1,2025-03-04 17:45:38,根评论,5140530908367012
5140530904172636,玳瑁妞,女,0,449,黑龙江,前排[春游家族],0,2025-03-04 17:45:37,根评论,5140530904172636
5140530891588901,Liberty_Sybil,女,0,1473,浙江,之前有这个吗…？,0,2025-03-04 17:45:34,根评论,5140530891588901
5140530887395793,kensonzhang_1,男,0,133,广东,还会假动作了,0,2025-03-04 17:45:33,根评论,5140530887395793
5140530867732793,QMAntarctica,男,0,1,广东,转发微博,0,2025-03-04 17:45:27,根评论,5140530867732793
